country,score,gdp,social,health,freedom,generosity,trust,year,iso_alpha,region,sub_region,dystopia_residual
Switzerland,7.587,1.39651,1.34951,0.94143,0.66557,0.29678,0.41978,2015,CHE,Europe,Western Europe,2.5174199999999995
Iceland,7.561,1.30232,1.40223,0.94784,0.62877,0.4363,0.14145,2015,ISL,Europe,Northern Europe,2.702089999999999
Denmark,7.527,1.32548,1.36058,0.87464,0.64938,0.34139,0.48357,2015,DNK,Europe,Northern Europe,2.4919600000000006
Norway,7.522,1.459,1.33095,0.88521,0.66973,0.34699,0.36503,2015,NOR,Europe,Northern Europe,2.46509
Canada,7.427,1.32629,1.32261,0.90563,0.63297,0.45811,0.32957,2015,CAN,Americas,Northern America,2.4518199999999997
Finland,7.406,1.29025,1.31826,0.88911,0.64169,0.23351,0.41372,2015,FIN,Europe,Northern Europe,2.61946
Netherlands,7.378,1.32944,1.28017,0.89284,0.61576,0.4761,0.31814,2015,NLD,Europe,Western Europe,2.4655500000000004
Sweden,7.364,1.33171,1.28907,0.91087,0.6598,0.36262,0.43844,2015,SWE,Europe,Northern Europe,2.3714900000000005
New Zealand,7.286,1.25018,1.31967,0.90837,0.63938,0.47501,0.42922,2015,NZL,Oceania,Australia and New Zealand,2.26417
Australia,7.284,1.33358,1.30923,0.93156,0.65124,0.43562,0.35637,2015,AUS,Oceania,Australia and New Zealand,2.2664
Israel,7.278,1.22857,1.22393,0.91387,0.41319,0.33172,0.07785,2015,ISR,Asia,Western Asia,3.08887
Costa Rica,7.226,0.95578,1.23788,0.86027,0.63376,0.25497,0.10583,2015,CRI,Americas,Latin America and the Caribbean,3.17751
Austria,7.2,1.33723,1.29704,0.89042,0.62433,0.33088,0.18676,2015,AUT,Europe,Western Europe,2.533340000000001
Mexico,7.187,1.02054,0.91451,0.81444,0.48181,0.14074,0.21312,2015,MEX,Americas,Latin America and the Caribbean,3.6018400000000006
United States,7.119,1.39451,1.24711,0.86179,0.54604,0.40105,0.1589,2015,USA,Americas,Northern America,2.5096000000000007
Brazil,6.983,0.98124,1.23287,0.69702,0.49049,0.14574,0.17521,2015,BRA,Americas,Latin America and the Caribbean,3.26043
Luxembourg,6.946,1.56391,1.21963,0.91894,0.61583,0.28034,0.37798,2015,LUX,Europe,Western Europe,1.9693699999999996
Ireland,6.94,1.33596,1.36948,0.89533,0.61777,0.45901,0.28703,2015,IRL,Europe,Northern Europe,1.9754200000000006
Belgium,6.937,1.30782,1.28566,0.89667,0.5845,0.2225,0.2254,2015,BEL,Europe,Western Europe,2.4144500000000004
United Arab Emirates,6.901,1.42727,1.12575,0.80925,0.64157,0.26428,0.38583,2015,ARE,Asia,Western Asia,2.247049999999999
United Kingdom,6.867,1.26637,1.28548,0.90943,0.59625,0.51912,0.32067,2015,GBR,Europe,Northern Europe,1.9696800000000003
Oman,6.853,1.36011,1.08182,0.76276,0.63274,0.21542,0.32524,2015,OMN,Asia,Western Asia,2.4749099999999995
Venezuela,6.81,1.04424,1.25596,0.72052,0.42908,0.05841,0.11069,2015,VEN,Americas,Latin America and the Caribbean,3.1910999999999996
Singapore,6.798,1.52186,1.02,1.02525,0.54252,0.31105,0.4921,2015,SGP,Asia,South-eastern Asia,1.8852200000000012
Panama,6.786,1.06353,1.1985,0.79661,0.5421,0.24434,0.0927,2015,PAN,Americas,Latin America and the Caribbean,2.8482199999999995
Germany,6.75,1.32792,1.29937,0.89186,0.61477,0.28214,0.21843,2015,DEU,Europe,Western Europe,2.1155100000000004
Chile,6.67,1.10715,1.12447,0.85857,0.44132,0.33363,0.12869,2015,CHL,Americas,Latin America and the Caribbean,2.676169999999999
Qatar,6.611,1.69042,1.0786,0.79733,0.6404,0.32573,0.52208,2015,QAT,Asia,Western Asia,1.5564399999999994
France,6.575,1.27778,1.26038,0.94579,0.55011,0.12332,0.20646,2015,FRA,Europe,Western Europe,2.2111600000000005
Argentina,6.574,1.05351,1.24823,0.78723,0.44974,0.11451,0.08484,2015,ARG,Americas,Latin America and the Caribbean,2.8359400000000003
Czech Republic,6.505,1.17898,1.20643,0.84483,0.46364,0.10686,0.02652,2015,CZE,Europe,Eastern Europe,2.67774
Uruguay,6.485,1.06166,1.2089,0.8116,0.60362,0.2324,0.24558,2015,URY,Americas,Latin America and the Caribbean,2.3212399999999995
Colombia,6.477,0.91861,1.24018,0.69077,0.53466,0.18401,0.0512,2015,COL,Americas,Latin America and the Caribbean,2.8575699999999995
Thailand,6.455,0.9669,1.26504,0.7385,0.55664,0.5763,0.03187,2015,THA,Asia,South-eastern Asia,2.319750000000001
Saudi Arabia,6.411,1.39541,1.08393,0.72025,0.31048,0.13706,0.32524,2015,SAU,Asia,Western Asia,2.4386299999999994
Spain,6.329,1.23011,1.31379,0.95562,0.45951,0.18227,0.06398,2015,ESP,Europe,Southern Europe,2.1237199999999996
Malta,6.302,1.2074,1.30203,0.88721,0.60365,0.51752,0.13586,2015,MLT,Europe,Southern Europe,1.6483299999999996
Taiwan,6.298,1.29098,1.07617,0.8753,0.3974,0.25376,0.08129,2015,TWN,Asia,Eastern Asia,2.3231
Kuwait,6.295,1.55422,1.16594,0.72492,0.55499,0.16228,0.25609,2015,KWT,Asia,Western Asia,1.8765599999999996
Suriname,6.269,0.99534,0.972,0.6082,0.59657,0.16991,0.13633,2015,SUR,Americas,Latin America and the Caribbean,2.7906500000000003
Trinidad and Tobago,6.168,1.21183,1.18354,0.61483,0.55884,0.31844,0.0114,2015,TTO,Americas,Latin America and the Caribbean,2.2691200000000005
El Salvador,6.13,0.76454,1.02507,0.67737,0.4035,0.10692,0.11776,2015,SLV,Americas,Latin America and the Caribbean,3.0348399999999995
Guatemala,6.123,0.74553,1.04356,0.64425,0.57733,0.27489,0.09472,2015,GTM,Americas,Latin America and the Caribbean,2.74272
Uzbekistan,6.003,0.63244,1.34043,0.59772,0.65821,0.22837,0.30826,2015,UZB,Asia,Central Asia,2.23757
Slovakia,5.995,1.16891,1.26999,0.78902,0.31751,0.16893,0.03431,2015,SVK,Europe,Eastern Europe,2.24633
Japan,5.987,1.27074,1.25712,0.99111,0.49615,0.10705,0.1806,2015,JPN,Asia,Eastern Asia,1.6842300000000003
South Korea,5.984,1.24461,0.95774,0.96538,0.33208,0.18557,0.07857,2015,KOR,Asia,Eastern Asia,2.2200499999999996
Ecuador,5.975,0.86402,0.99903,0.79075,0.48574,0.11541,0.1809,2015,ECU,Americas,Latin America and the Caribbean,2.5391500000000002
Bahrain,5.96,1.32376,1.21624,0.74716,0.45492,0.17362,0.306,2015,BHR,Asia,Western Asia,1.7382999999999997
Italy,5.948,1.25114,1.19777,0.95446,0.26236,0.22823,0.02901,2015,ITA,Europe,Southern Europe,2.0250300000000006
Bolivia,5.89,0.68133,0.97841,0.5392,0.57414,0.20536,0.088,2015,BOL,Americas,Latin America and the Caribbean,2.8235599999999996
Moldova,5.889,0.59448,1.01528,0.61826,0.32818,0.20951,0.01615,2015,MDA,Europe,Eastern Europe,3.1071400000000002
Paraguay,5.878,0.75985,1.30477,0.66098,0.53899,0.3424,0.08242,2015,PRY,Americas,Latin America and the Caribbean,2.18859
Kazakhstan,5.855,1.12254,1.12241,0.64368,0.51649,0.11827,0.08454,2015,KAZ,Asia,Central Asia,2.2470700000000003
Slovenia,5.848,1.18498,1.27385,0.87337,0.60855,0.25328,0.03787,2015,SVN,Europe,Southern Europe,1.6161000000000003
Lithuania,5.833,1.14723,1.25745,0.73128,0.21342,0.02641,0.01031,2015,LTU,Europe,Northern Europe,2.4469000000000003
Nicaragua,5.828,0.59325,1.14184,0.74314,0.55475,0.27815,0.19317,2015,NIC,Americas,Latin America and the Caribbean,2.3237000000000005
Peru,5.824,0.90019,0.97459,0.73017,0.41496,0.14982,0.05989,2015,PER,Americas,Latin America and the Caribbean,2.59438
Belarus,5.813,1.03192,1.23289,0.73608,0.37938,0.11046,0.1909,2015,BLR,Europe,Eastern Europe,2.1313700000000004
Poland,5.791,1.12555,1.27948,0.77903,0.53122,0.16759,0.04212,2015,POL,Europe,Eastern Europe,1.8660100000000002
Malaysia,5.77,1.12486,1.07023,0.72394,0.53024,0.33075,0.10501,2015,MYS,Asia,South-eastern Asia,1.8849699999999991
Croatia,5.759,1.08254,0.79624,0.78805,0.25883,0.05444,0.0243,2015,HRV,Europe,Southern Europe,2.7546
Libya,5.754,1.13145,1.11862,0.7038,0.41668,0.18295,0.11023,2015,LBY,Africa,Northern Africa,2.0902699999999994
Russia,5.716,1.13764,1.23617,0.66926,0.36679,0.00199,0.03005,2015,RUS,Europe,Eastern Europe,2.2741000000000002
Jamaica,5.709,0.81038,1.15102,0.68741,0.50442,0.2123,0.02299,2015,JAM,Americas,Latin America and the Caribbean,2.32048
North Cyprus,5.695,1.20806,1.07008,0.92356,0.49027,0.26169,0.1428,2015,CYP,Asia,Western Asia,1.5985400000000007
Cyprus,5.689,1.20813,0.89318,0.92356,0.40672,0.30638,0.06146,2015,CYP,Asia,Western Asia,1.8895700000000004
Algeria,5.605,0.93929,1.07772,0.61766,0.28579,0.07822,0.17383,2015,DZA,Africa,Northern Africa,2.4324900000000005
Kosovo,5.589,0.80148,0.81198,0.63132,0.24749,0.2831,0.04741,2015,XKX,Europe,Southern Europe,2.76622
Turkmenistan,5.548,0.95847,1.22668,0.53886,0.4761,0.16979,0.30844,2015,TKM,Asia,Central Asia,1.8696599999999997
Mauritius,5.477,1.00761,0.98521,0.7095,0.56066,0.37744,0.07521,2015,MUS,Africa,Sub-Saharan Africa,1.7613700000000003
Hong Kong,5.474,1.38604,1.05818,1.01328,0.59608,0.39478,0.37124,2015,HKG,Asia,Eastern Asia,0.6544000000000008
Estonia,5.429,1.15174,1.22791,0.77361,0.44888,0.0868,0.15184,2015,EST,Europe,Northern Europe,1.5882200000000002
Indonesia,5.399,0.82827,1.08708,0.63793,0.46611,0.51535,0.0,2015,IDN,Asia,South-eastern Asia,1.8642599999999998
Vietnam,5.36,0.63216,0.91226,0.74676,0.59444,0.1686,0.10441,2015,VNM,Asia,South-eastern Asia,2.20137
Turkey,5.332,1.06098,0.94632,0.73172,0.22815,0.12253,0.15746,2015,TUR,Asia,Western Asia,2.0848400000000002
Kyrgyzstan,5.286,0.47428,1.15115,0.65088,0.43477,0.3003,0.04232,2015,KGZ,Asia,Central Asia,2.2322999999999995
Nigeria,5.268,0.65435,0.90432,0.16007,0.34334,0.27233,0.0403,2015,NGA,Africa,Sub-Saharan Africa,2.8932899999999995
Bhutan,5.253,0.77042,1.10395,0.57407,0.53206,0.47998,0.15445,2015,BTN,Asia,Southern Asia,1.6380700000000004
Azerbaijan,5.212,1.02389,0.93793,0.64045,0.3703,0.07799,0.16065,2015,AZE,Asia,Western Asia,2.00079
Pakistan,5.194,0.59543,0.41411,0.51466,0.12102,0.33671,0.10464,2015,PAK,Asia,Southern Asia,3.10743
Jordan,5.192,0.90198,1.05392,0.69639,0.40661,0.11053,0.14293,2015,JOR,Asia,Western Asia,1.8796400000000002
Montenegro,5.192,0.97438,0.90557,0.72521,0.1826,0.1614,0.14296,2015,MNE,Europe,Southern Europe,2.09988
China,5.14,0.89012,0.94675,0.81658,0.51697,0.08185,0.02781,2015,CHN,Asia,Eastern Asia,1.8599199999999994
Zambia,5.129,0.47038,0.91612,0.29924,0.48827,0.19591,0.12468,2015,ZMB,Africa,Sub-Saharan Africa,2.6343999999999994
Romania,5.124,1.04345,0.88588,0.7689,0.35068,0.13748,0.00649,2015,ROU,Europe,Eastern Europe,1.9311199999999995
Serbia,5.123,0.92053,1.00964,0.74836,0.20107,0.19231,0.02617,2015,SRB,Europe,Southern Europe,2.0249200000000003
Portugal,5.102,1.15991,1.13935,0.87519,0.51469,0.13719,0.01078,2015,PRT,Europe,Southern Europe,1.2648900000000003
Latvia,5.098,1.11312,1.09562,0.72437,0.29671,0.18226,0.06332,2015,LVA,Europe,Northern Europe,1.6225999999999998
Philippines,5.073,0.70532,1.03516,0.58114,0.62545,0.24991,0.12279,2015,PHL,Asia,South-eastern Asia,1.7532300000000003
Somaliland region,5.057,0.18847,0.95152,0.43873,0.46582,0.50318,0.39928,2015,SOM,Africa,Eastern Africa,2.1100000000000003
Morocco,5.013,0.73479,0.64095,0.60954,0.41691,0.07172,0.08546,2015,MAR,Africa,Northern Africa,2.45363
Macedonia,5.007,0.91851,1.00232,0.73545,0.33457,0.22359,0.05327,2015,MKD,Europe,Southern Europe,1.7392899999999996
Mozambique,4.971,0.08308,1.02626,0.09131,0.34037,0.22269,0.15603,2015,MOZ,Africa,Sub-Saharan Africa,3.05126
Albania,4.959,0.87867,0.80434,0.81325,0.35733,0.14272,0.06413,2015,ALB,Europe,Southern Europe,1.8985599999999994
Bosnia and Herzegovina,4.949,0.83223,0.91916,0.79081,0.09245,0.24808,0.00227,2015,BIH,Europe,Southern Europe,2.0639999999999996
Lesotho,4.898,0.37545,1.04103,0.07612,0.31767,0.16388,0.12504,2015,LSO,Africa,Sub-Saharan Africa,2.7988099999999996
Dominican Republic,4.885,0.89537,1.17202,0.66825,0.57672,0.21684,0.14234,2015,DOM,Americas,Latin America and the Caribbean,1.21346
Laos,4.876,0.59066,0.73803,0.54909,0.59591,0.42192,0.24249,2015,LAO,Asia,South-eastern Asia,1.7379000000000002
Mongolia,4.874,0.82819,1.3006,0.60268,0.43626,0.3323,0.02666,2015,MNG,Asia,Eastern Asia,1.3473099999999998
Swaziland,4.867,0.71206,1.07284,0.07566,0.30658,0.18259,0.0306,2015,SWZ,Africa,Sub-Saharan Africa,2.48667
Greece,4.857,1.15406,0.92933,0.88213,0.07699,0.0,0.01397,2015,GRC,Europe,Southern Europe,1.8005200000000001
Lebanon,4.839,1.02564,0.80001,0.83947,0.33916,0.21854,0.04582,2015,LBN,Asia,Western Asia,1.5703600000000004
Hungary,4.8,1.12094,1.20215,0.75905,0.32112,0.128,0.02758,2015,HUN,Europe,Eastern Europe,1.2411599999999998
Honduras,4.788,0.59532,0.95348,0.6951,0.40148,0.23027,0.06825,2015,HND,Americas,Latin America and the Caribbean,1.8441000000000005
Tajikistan,4.786,0.39047,0.85563,0.57379,0.47216,0.22974,0.15072,2015,TJK,Asia,Central Asia,2.113489999999999
Tunisia,4.739,0.88113,0.60429,0.73793,0.26268,0.06431,0.06358,2015,TUN,Africa,Northern Africa,2.12508
Palestinian Territories,4.715,0.59867,0.92558,0.66015,0.24499,0.11251,0.12905,2015,PSE,Asia,Western Asia,2.04405
Bangladesh,4.694,0.39753,0.43106,0.60164,0.4082,0.21222,0.12569,2015,BGD,Asia,Southern Asia,2.5176600000000002
Iran,4.686,1.0088,0.54447,0.69805,0.30033,0.38086,0.05863,2015,IRN,Asia,Southern Asia,1.6948600000000003
Ukraine,4.681,0.79907,1.20278,0.6739,0.25123,0.15275,0.02961,2015,UKR,Europe,Eastern Europe,1.5716599999999996
Iraq,4.677,0.98549,0.81889,0.60237,0.0,0.17922,0.13788,2015,IRQ,Asia,Western Asia,1.9531499999999995
South Africa,4.642,0.92049,1.18468,0.27688,0.33207,0.11973,0.08884,2015,ZAF,Africa,Sub-Saharan Africa,1.7193100000000001
Ghana,4.633,0.54558,0.67954,0.40132,0.42342,0.23087,0.04355,2015,GHA,Africa,Sub-Saharan Africa,2.3087199999999997
Zimbabwe,4.61,0.271,1.03276,0.33475,0.25861,0.18987,0.08079,2015,ZWE,Africa,Sub-Saharan Africa,2.4422200000000003
Liberia,4.571,0.0712,0.78968,0.34201,0.28531,0.24362,0.06232,2015,LBR,Africa,Sub-Saharan Africa,2.77686
India,4.565,0.64499,0.38174,0.51529,0.39786,0.26475,0.08492,2015,IND,Asia,Southern Asia,2.2754500000000006
Sudan,4.55,0.52107,1.01404,0.36878,0.10081,0.19062,0.1466,2015,SDN,Africa,Northern Africa,2.20808
Haiti,4.518,0.26673,0.74302,0.38847,0.24425,0.46187,0.17175,2015,HTI,Americas,Latin America and the Caribbean,2.2419100000000003
Congo (Kinshasa),4.517,0.0,1.0012,0.09806,0.22605,0.24834,0.07625,2015,COD,Africa,Sub-Saharan Africa,2.8671
Nepal,4.514,0.35997,0.86449,0.56874,0.38282,0.32296,0.05907,2015,NPL,Asia,Southern Asia,1.9559499999999996
Ethiopia,4.512,0.19073,0.60406,0.44055,0.4345,0.24325,0.15048,2015,ETH,Africa,Sub-Saharan Africa,2.448429999999999
Sierra Leone,4.507,0.33024,0.95571,0.0,0.4084,0.21488,0.08786,2015,SLE,Africa,Sub-Saharan Africa,2.5099099999999996
Mauritania,4.436,0.45407,0.86908,0.35874,0.24232,0.219,0.17461,2015,MRT,Africa,Sub-Saharan Africa,2.1181799999999997
Kenya,4.419,0.36471,0.99876,0.41435,0.42215,0.37542,0.05839,2015,KEN,Africa,Sub-Saharan Africa,1.7852199999999994
Djibouti,4.369,0.44025,0.59207,0.36291,0.46074,0.18093,0.28105,2015,DJI,Africa,Sub-Saharan Africa,2.05105
Armenia,4.35,0.76821,0.77711,0.7299,0.19847,0.07855,0.039,2015,ARM,Asia,Western Asia,1.7587599999999997
Botswana,4.332,0.99355,1.10464,0.04776,0.49495,0.10461,0.12474,2015,BWA,Africa,Sub-Saharan Africa,1.4617499999999994
Myanmar,4.307,0.27108,0.70905,0.48246,0.44017,0.79588,0.19034,2015,MMR,Asia,South-eastern Asia,1.4180200000000003
Georgia,4.297,0.7419,0.38562,0.72926,0.40577,0.05547,0.38331,2015,GEO,Asia,Western Asia,1.5956699999999997
Malawi,4.292,0.01604,0.41134,0.22562,0.43054,0.33128,0.06977,2015,MWI,Africa,Sub-Saharan Africa,2.80741
Sri Lanka,4.271,0.83524,1.01905,0.70806,0.53726,0.40828,0.09179,2015,LKA,Asia,Southern Asia,0.6713200000000001
Cameroon,4.252,0.4225,0.88767,0.23402,0.49309,0.20618,0.05786,2015,CMR,Africa,Sub-Saharan Africa,1.9506800000000002
Bulgaria,4.218,1.01216,1.10614,0.76649,0.30587,0.11921,0.00872,2015,BGR,Europe,Eastern Europe,0.8994100000000005
Egypt,4.194,0.8818,0.747,0.61712,0.17288,0.11291,0.06324,2015,EGY,Africa,Northern Africa,1.59905
Yemen,4.077,0.54649,0.68093,0.40064,0.35571,0.09131,0.07854,2015,YEM,Asia,Western Asia,1.9233800000000003
Angola,4.033,0.75778,0.8604,0.16683,0.10384,0.12344,0.07122,2015,AGO,Africa,Sub-Saharan Africa,1.9494900000000004
Mali,3.995,0.26074,1.03526,0.20583,0.38857,0.18798,0.12352,2015,MLI,Africa,Sub-Saharan Africa,1.7931
Congo (Brazzaville),3.989,0.67866,0.6629,0.31051,0.41466,0.12388,0.11686,2015,COG,Africa,Sub-Saharan Africa,1.6815299999999995
Comoros,3.956,0.23906,0.79273,0.36315,0.22917,0.17441,0.199,2015,COM,Africa,Sub-Saharan Africa,1.9584799999999998
Uganda,3.931,0.21102,1.13299,0.33861,0.45727,0.29066,0.07267,2015,UGA,Africa,Sub-Saharan Africa,1.4277800000000003
Senegal,3.904,0.36498,0.97619,0.4354,0.36772,0.20843,0.10713,2015,SEN,Africa,Sub-Saharan Africa,1.44415
Gabon,3.896,1.06024,0.90528,0.43372,0.31914,0.06822,0.11091,2015,GAB,Africa,Sub-Saharan Africa,0.9984899999999994
Niger,3.845,0.0694,0.77265,0.29707,0.47692,0.19387,0.15639,2015,NER,Africa,Sub-Saharan Africa,1.8787000000000003
Cambodia,3.819,0.46038,0.62736,0.61114,0.66246,0.40359,0.07247,2015,KHM,Asia,South-eastern Asia,0.9815999999999998
Tanzania,3.781,0.2852,1.00268,0.38215,0.32878,0.34377,0.05747,2015,TZA,Africa,Sub-Saharan Africa,1.3809500000000003
Madagascar,3.681,0.20824,0.66801,0.46721,0.19184,0.21333,0.08124,2015,MDG,Africa,Sub-Saharan Africa,1.8511300000000002
Central African Republic,3.678,0.0785,0.0,0.06699,0.48879,0.23835,0.08289,2015,CAF,Africa,Sub-Saharan Africa,2.72248
Chad,3.667,0.34193,0.76062,0.1501,0.23501,0.18386,0.05269,2015,TCD,Africa,Sub-Saharan Africa,1.94279
Guinea,3.656,0.17417,0.46475,0.24009,0.37725,0.28657,0.12139,2015,GIN,Africa,Sub-Saharan Africa,1.9917800000000003
Ivory Coast,3.655,0.46534,0.77115,0.15185,0.46866,0.20165,0.17922,2015,CIV,Africa,Sub-Saharan Africa,1.4171299999999998
Burkina Faso,3.587,0.25812,0.85188,0.27125,0.39493,0.21747,0.12832,2015,BFA,Africa,Sub-Saharan Africa,1.46503
Afghanistan,3.575,0.31982,0.30285,0.30335,0.23414,0.3651,0.09719,2015,AFG,Asia,Southern Asia,1.95255
Rwanda,3.465,0.22208,0.7737,0.42864,0.59201,0.22628,0.55191,2015,RWA,Africa,Sub-Saharan Africa,0.6703799999999998
Benin,3.34,0.28665,0.35386,0.3191,0.4845,0.1826,0.0801,2015,BEN,Africa,Sub-Saharan Africa,1.6331899999999997
Syria,3.006,0.6632,0.47489,0.72193,0.15684,0.47179,0.18906,2015,SYR,Asia,Western Asia,0.32828999999999997
Burundi,2.905,0.0153,0.41587,0.22396,0.1185,0.19727,0.10062,2015,BDI,Africa,Sub-Saharan Africa,1.8334799999999998
Togo,2.839,0.20868,0.13995,0.28443,0.36453,0.16681,0.10731,2015,TGO,Africa,Sub-Saharan Africa,1.5672899999999998
Denmark,7.526,1.44178,1.16374,0.79504,0.57941,0.36171,0.44453,2016,DNK,Europe,Northern Europe,2.7397899999999993
Switzerland,7.509,1.52733,1.14524,0.86303,0.58557,0.28083,0.41203,2016,CHE,Europe,Western Europe,2.6949700000000005
Iceland,7.501,1.42666,1.18326,0.86733,0.56624,0.47678,0.14975,2016,ISL,Europe,Northern Europe,2.830980000000001
Norway,7.498,1.57744,1.1269,0.79579,0.59609,0.37895,0.35776,2016,NOR,Europe,Northern Europe,2.66507
Finland,7.413,1.40598,1.13464,0.81091,0.57104,0.25492,0.41004,2016,FIN,Europe,Northern Europe,2.8254699999999993
Canada,7.404,1.44015,1.0961,0.8276,0.5737,0.44834,0.31329,2016,CAN,Americas,Northern America,2.70482
Netherlands,7.339,1.46468,1.02912,0.81231,0.55211,0.47416,0.29927,2016,NLD,Europe,Western Europe,2.70735
New Zealand,7.334,1.36066,1.17278,0.83096,0.58147,0.49401,0.41904,2016,NZL,Oceania,Australia and New Zealand,2.47508
Australia,7.313,1.44443,1.10476,0.8512,0.56837,0.47407,0.32331,2016,AUS,Oceania,Australia and New Zealand,2.546859999999999
Sweden,7.291,1.45181,1.08764,0.83121,0.58218,0.38254,0.40867,2016,SWE,Europe,Northern Europe,2.5469500000000007
Israel,7.267,1.33766,0.99537,0.84917,0.36432,0.32288,0.08728,2016,ISR,Asia,Western Asia,3.3103200000000004
Austria,7.119,1.45038,1.08383,0.80565,0.54355,0.32865,0.21348,2016,AUT,Europe,Western Europe,2.693460000000001
United States,7.104,1.50796,1.04782,0.779,0.48163,0.41077,0.14868,2016,USA,Americas,Northern America,2.7281400000000007
Costa Rica,7.087,1.06879,1.02152,0.76146,0.55225,0.22553,0.10547,2016,CRI,Americas,Latin America and the Caribbean,3.35198
Puerto Rico,7.039,1.35943,1.08113,0.77758,0.46823,0.22202,0.12275,2016,PRI,Americas,Latin America and the Caribbean,3.00786
Germany,6.994,1.44787,1.09774,0.81487,0.53466,0.30452,0.28551,2016,DEU,Europe,Western Europe,2.5088299999999997
Brazil,6.952,1.08754,1.03938,0.61415,0.40425,0.15776,0.14166,2016,BRA,Americas,Latin America and the Caribbean,3.50726
Belgium,6.929,1.42539,1.05249,0.81959,0.51354,0.2424,0.26248,2016,BEL,Europe,Western Europe,2.6131100000000007
Ireland,6.907,1.48341,1.16157,0.81455,0.54008,0.44963,0.29754,2016,IRL,Europe,Northern Europe,2.1602200000000007
Luxembourg,6.871,1.69752,1.03999,0.84542,0.5487,0.27571,0.35329,2016,LUX,Europe,Western Europe,2.1103700000000005
Mexico,6.778,1.11508,0.7146,0.71143,0.37709,0.11735,0.18355,2016,MEX,Americas,Latin America and the Caribbean,3.5588999999999995
Singapore,6.739,1.64555,0.86758,0.94719,0.4877,0.32706,0.46987,2016,SGP,Asia,South-eastern Asia,1.9940499999999988
United Kingdom,6.725,1.40283,1.08672,0.80991,0.50036,0.50156,0.27399,2016,GBR,Europe,Northern Europe,2.1496299999999993
Chile,6.705,1.2167,0.90587,0.81883,0.37789,0.31595,0.11451,2016,CHL,Americas,Latin America and the Caribbean,2.9552500000000004
Panama,6.701,1.18306,0.98912,0.70835,0.48927,0.2418,0.08423,2016,PAN,Americas,Latin America and the Caribbean,3.0051699999999997
Argentina,6.65,1.15137,1.06612,0.69711,0.42284,0.10989,0.07296,2016,ARG,Americas,Latin America and the Caribbean,3.1297100000000007
Czech Republic,6.596,1.30915,1.00793,0.76376,0.41418,0.09929,0.03986,2016,CZE,Europe,Eastern Europe,2.9618300000000004
United Arab Emirates,6.573,1.57352,0.87114,0.72993,0.56215,0.26591,0.35561,2016,ARE,Asia,Western Asia,2.214740000000001
Uruguay,6.545,1.18157,1.03143,0.72183,0.54388,0.18056,0.21394,2016,URY,Americas,Latin America and the Caribbean,2.67179
Malta,6.488,1.30782,1.09879,0.80315,0.54994,0.56237,0.17554,2016,MLT,Europe,Southern Europe,1.9903900000000005
Colombia,6.481,1.03032,1.02169,0.59659,0.44735,0.15626,0.05399,2016,COL,Americas,Latin America and the Caribbean,3.1747999999999994
France,6.478,1.39488,1.00508,0.83795,0.46562,0.1216,0.17808,2016,FRA,Europe,Western Europe,2.4747899999999996
Thailand,6.474,1.0893,1.04477,0.64915,0.49553,0.58696,0.02833,2016,THA,Asia,South-eastern Asia,2.5799600000000003
Saudi Arabia,6.379,1.48953,0.84829,0.59267,0.37904,0.15457,0.30008,2016,SAU,Asia,Western Asia,2.61482
Taiwan,6.379,1.39729,0.92624,0.79565,0.32377,0.25495,0.0663,2016,TWN,Asia,Eastern Asia,2.6147999999999993
Qatar,6.375,1.82427,0.87964,0.71723,0.56679,0.32388,0.48049,2016,QAT,Asia,Western Asia,1.5827
Spain,6.361,1.34253,1.12945,0.87896,0.37545,0.17665,0.06137,2016,ESP,Europe,Southern Europe,2.3965899999999993
Algeria,6.355,1.05266,0.83309,0.61804,0.21006,0.07044,0.16157,2016,DZA,Africa,Northern Africa,3.4091400000000007
Guatemala,6.324,0.83454,0.87119,0.54039,0.50379,0.28808,0.08701,2016,GTM,Americas,Latin America and the Caribbean,3.1990000000000003
Suriname,6.269,1.09686,0.77866,0.50933,0.52234,0.16665,0.12692,2016,SUR,Americas,Latin America and the Caribbean,3.06824
Kuwait,6.239,1.61714,0.87758,0.63569,0.43166,0.15965,0.23669,2016,KWT,Asia,Western Asia,2.28059
Bahrain,6.218,1.44024,0.94397,0.65696,0.47375,0.17147,0.25772,2016,BHR,Asia,Western Asia,2.2738899999999997
Trinidad and Tobago,6.168,1.32572,0.98569,0.52608,0.48453,0.31935,0.01241,2016,TTO,Americas,Latin America and the Caribbean,2.5142200000000003
Venezuela,6.084,1.13367,1.03302,0.61904,0.19847,0.0425,0.08304,2016,VEN,Americas,Latin America and the Caribbean,2.9742599999999997
Slovakia,6.078,1.27973,1.08268,0.70367,0.23391,0.13837,0.02947,2016,SVK,Europe,Eastern Europe,2.61017
El Salvador,6.068,0.8737,0.80975,0.596,0.37269,0.08877,0.10613,2016,SLV,Americas,Latin America and the Caribbean,3.22096
Malaysia,6.005,1.25142,0.88025,0.62366,0.39031,0.41474,0.09081,2016,MYS,Asia,South-eastern Asia,2.35381
Nicaragua,5.992,0.69384,0.89521,0.65213,0.46582,0.29773,0.16292,2016,NIC,Americas,Latin America and the Caribbean,2.82435
Uzbekistan,5.987,0.73591,1.1681,0.50163,0.60848,0.34326,0.28333,2016,UZB,Asia,Central Asia,2.34629
Italy,5.977,1.35495,1.04167,0.85102,0.18827,0.16684,0.02556,2016,ITA,Europe,Southern Europe,2.3486899999999995
Ecuador,5.976,0.97306,0.85974,0.68613,0.4027,0.10074,0.18037,2016,ECU,Americas,Latin America and the Caribbean,2.77326
Belize,5.956,0.87616,0.68655,0.45569,0.51231,0.23684,0.10771,2016,BLZ,Americas,Latin America and the Caribbean,3.0807400000000005
Japan,5.921,1.38007,1.06054,0.91491,0.46761,0.10224,0.18985,2016,JPN,Asia,Eastern Asia,1.8057800000000004
Kazakhstan,5.919,1.22943,0.95544,0.57386,0.4052,0.15011,0.11132,2016,KAZ,Asia,Central Asia,2.4936399999999996
Moldova,5.897,0.69177,0.83132,0.52309,0.25202,0.19997,0.01903,2016,MDA,Europe,Eastern Europe,3.379800000000001
Russia,5.856,1.23228,1.05261,0.58991,0.32682,0.02736,0.03586,2016,RUS,Europe,Eastern Europe,2.59116
Poland,5.835,1.24585,1.04685,0.69058,0.4519,0.14443,0.055,2016,POL,Europe,Eastern Europe,2.20039
South Korea,5.835,1.35948,0.72194,0.88645,0.25168,0.18824,0.07716,2016,KOR,Asia,Eastern Asia,2.35005
Bolivia,5.822,0.79422,0.83779,0.4697,0.50961,0.21698,0.07746,2016,BOL,Americas,Latin America and the Caribbean,2.91624
Lithuania,5.813,1.2692,1.06411,0.64674,0.18929,0.02025,0.0182,2016,LTU,Europe,Northern Europe,2.6052099999999996
Belarus,5.802,1.13062,1.04993,0.63104,0.29091,0.13942,0.17457,2016,BLR,Europe,Eastern Europe,2.3855099999999996
North Cyprus,5.771,1.31141,0.81826,0.84142,0.43596,0.26322,0.16578,2016,CYP,Asia,Western Asia,1.9349500000000002
Slovenia,5.768,1.29947,1.05613,0.79151,0.53164,0.25738,0.03635,2016,SVN,Europe,Southern Europe,1.7955199999999998
Peru,5.743,0.99602,0.81255,0.62994,0.37502,0.14527,0.05292,2016,PER,Americas,Latin America and the Caribbean,2.7312800000000004
Turkmenistan,5.658,1.08017,1.03817,0.44006,0.37408,0.22567,0.28467,2016,TKM,Asia,Central Asia,2.21518
Mauritius,5.648,1.14372,0.75695,0.66189,0.46145,0.36951,0.05203,2016,MUS,Africa,Sub-Saharan Africa,2.20245
Libya,5.615,1.06688,0.95076,0.52304,0.40672,0.17087,0.10339,2016,LBY,Africa,Northern Africa,2.3933400000000002
Latvia,5.56,1.21788,0.95025,0.63952,0.27996,0.17445,0.0889,2016,LVA,Europe,Northern Europe,2.2090399999999994
Cyprus,5.546,1.31857,0.70697,0.8488,0.29507,0.27906,0.05228,2016,CYP,Asia,Western Asia,2.0452500000000002
Paraguay,5.538,0.89373,1.11111,0.58295,0.46235,0.25296,0.07396,2016,PRY,Americas,Latin America and the Caribbean,2.1609400000000005
Romania,5.528,1.1697,0.72803,0.67602,0.36712,0.12889,0.00679,2016,ROU,Europe,Eastern Europe,2.4514499999999995
Estonia,5.517,1.27964,1.05163,0.68098,0.41511,0.08423,0.18519,2016,EST,Europe,Northern Europe,1.8202200000000008
Jamaica,5.51,0.89333,0.96372,0.59469,0.43597,0.22245,0.04294,2016,JAM,Americas,Latin America and the Caribbean,2.3568999999999996
Croatia,5.488,1.18649,0.60809,0.70524,0.23907,0.18434,0.04002,2016,HRV,Europe,Southern Europe,2.52475
Hong Kong,5.458,1.5107,0.87021,0.95277,0.48079,0.40097,0.31647,2016,HKG,Asia,Eastern Asia,0.9260900000000003
Somalia,5.44,0.0,0.33613,0.11466,0.56778,0.27225,0.3118,2016,SOM,Africa,Eastern Africa,3.8373800000000005
Kosovo,5.401,0.90145,0.66062,0.54,0.14396,0.27992,0.06547,2016,XKX,Europe,Southern Europe,2.80958
Turkey,5.389,1.16492,0.87717,0.64718,0.23889,0.04707,0.12348,2016,TUR,Asia,Western Asia,2.29029
Indonesia,5.314,0.95104,0.87625,0.49374,0.39237,0.56521,0.00322,2016,IDN,Asia,South-eastern Asia,2.0321700000000003
Jordan,5.303,0.99673,0.86216,0.60712,0.36023,0.14262,0.13297,2016,JOR,Asia,Western Asia,2.20117
Azerbaijan,5.291,1.12373,0.76042,0.54504,0.35327,0.0564,0.17914,2016,AZE,Asia,Western Asia,2.273
Philippines,5.279,0.81217,0.87877,0.47036,0.54854,0.21674,0.11757,2016,PHL,Asia,South-eastern Asia,2.23485
China,5.245,1.0278,0.79381,0.73561,0.44012,0.04959,0.02745,2016,CHN,Asia,Eastern Asia,2.1706200000000004
Bhutan,5.196,0.8527,0.90836,0.49759,0.46074,0.48546,0.1616,2016,BTN,Asia,Southern Asia,1.8295499999999993
Kyrgyzstan,5.185,0.56044,0.95434,0.55449,0.40212,0.38432,0.04762,2016,KGZ,Asia,Central Asia,2.281669999999999
Serbia,5.177,1.03437,0.81329,0.6458,0.15718,0.20737,0.04339,2016,SRB,Europe,Southern Europe,2.2756
Bosnia and Herzegovina,5.163,0.93383,0.64367,0.70766,0.09511,0.29889,0.0,2016,BIH,Europe,Southern Europe,2.48384
Montenegro,5.161,1.07838,0.74173,0.63533,0.15111,0.17191,0.12721,2016,MNE,Europe,Southern Europe,2.25533
Dominican Republic,5.155,1.02787,0.99496,0.57669,0.52259,0.21286,0.12372,2016,DOM,Americas,Latin America and the Caribbean,1.69631
Morocco,5.151,0.84058,0.38595,0.59471,0.25646,0.04053,0.08404,2016,MAR,Africa,Northern Africa,2.94873
Hungary,5.145,1.24142,0.93164,0.67608,0.1977,0.099,0.04472,2016,HUN,Europe,Eastern Europe,1.954439999999999
Pakistan,5.132,0.68816,0.26135,0.40306,0.14622,0.31185,0.1388,2016,PAK,Asia,Southern Asia,3.1825599999999996
Lebanon,5.129,1.12268,0.64184,0.76171,0.26228,0.23693,0.03061,2016,LBN,Asia,Western Asia,2.0729499999999996
Portugal,5.123,1.27607,0.94367,0.79363,0.44727,0.11691,0.01521,2016,PRT,Europe,Southern Europe,1.5302400000000005
Macedonia,5.121,1.0193,0.78236,0.64738,0.27668,0.23507,0.07047,2016,MKD,Europe,Southern Europe,2.089740000000001
Vietnam,5.061,0.74037,0.79117,0.66157,0.55954,0.25075,0.11556,2016,VNM,Asia,South-eastern Asia,1.94204
Somaliland Region,5.057,0.25558,0.75862,0.33108,0.3913,0.51479,0.36794,2016,SOM,Africa,Eastern Africa,2.4376900000000004
Tunisia,5.045,0.97724,0.43165,0.59577,0.23553,0.03936,0.0817,2016,TUN,Africa,Northern Africa,2.6837500000000003
Greece,5.033,1.24886,0.75473,0.80029,0.05822,0.0,0.04127,2016,GRC,Europe,Southern Europe,2.1296300000000006
Tajikistan,4.996,0.48835,0.75602,0.53119,0.43408,0.25998,0.13509,2016,TJK,Asia,Central Asia,2.39129
Mongolia,4.907,0.98853,1.08983,0.55469,0.35972,0.34539,0.03285,2016,MNG,Asia,Eastern Asia,1.5359900000000004
Laos,4.876,0.68042,0.5497,0.38291,0.52168,0.43079,0.22423,2016,LAO,Asia,South-eastern Asia,2.0862700000000007
Nigeria,4.875,0.75216,0.64498,0.05108,0.27854,0.23219,0.0305,2016,NGA,Africa,Sub-Saharan Africa,2.88555
Honduras,4.871,0.69429,0.75596,0.58383,0.26755,0.2044,0.06906,2016,HND,Americas,Latin America and the Caribbean,2.2959100000000006
Iran,4.813,1.11758,0.38857,0.64232,0.22544,0.38538,0.0557,2016,IRN,Asia,Southern Asia,1.9980099999999998
Zambia,4.795,0.61202,0.6376,0.23573,0.42662,0.17866,0.11479,2016,ZMB,Africa,Sub-Saharan Africa,2.5895799999999998
Nepal,4.793,0.44626,0.69699,0.50073,0.37012,0.3816,0.07008,2016,NPL,Asia,Southern Asia,2.32722
Palestinian Territories,4.754,0.67024,0.71629,0.56844,0.17744,0.11154,0.10613,2016,PSE,Asia,Western Asia,2.40392
Albania,4.655,0.9553,0.50163,0.73007,0.31866,0.1684,0.05301,2016,ALB,Europe,Southern Europe,1.92793
Bangladesh,4.643,0.54177,0.24749,0.52989,0.39778,0.19132,0.12583,2016,BGD,Asia,Southern Asia,2.60892
Sierra Leone,4.635,0.36485,0.628,0.0,0.30685,0.23897,0.08196,2016,SLE,Africa,Sub-Saharan Africa,3.0143699999999995
Iraq,4.575,1.07474,0.59205,0.51076,0.24856,0.19589,0.13636,2016,IRQ,Asia,Western Asia,1.8166400000000005
Namibia,4.574,0.93287,0.70362,0.34745,0.48614,0.07795,0.10398,2016,NAM,Africa,Sub-Saharan Africa,1.9219899999999996
Cameroon,4.513,0.52497,0.62542,0.12698,0.42736,0.2268,0.06126,2016,CMR,Africa,Sub-Saharan Africa,2.5202099999999996
Ethiopia,4.508,0.29283,0.37932,0.34578,0.36703,0.29522,0.1717,2016,ETH,Africa,Sub-Saharan Africa,2.65612
South Africa,4.459,1.02416,0.96053,0.18611,0.42483,0.13656,0.08415,2016,ZAF,Africa,Sub-Saharan Africa,1.6426599999999998
Sri Lanka,4.415,0.97318,0.84783,0.62007,0.50817,0.46978,0.07964,2016,LKA,Asia,Southern Asia,0.9163299999999999
India,4.404,0.74036,0.29247,0.45091,0.40285,0.25028,0.08722,2016,IND,Asia,Southern Asia,2.17991
Myanmar,4.395,0.34112,0.69981,0.3988,0.42692,0.81971,0.20243,2016,MMR,Asia,South-eastern Asia,1.5062099999999994
Egypt,4.362,0.95395,0.49813,0.52116,0.18847,0.12706,0.10393,2016,EGY,Africa,Northern Africa,1.9692999999999996
Armenia,4.36,0.86086,0.62477,0.64083,0.14037,0.07793,0.03616,2016,ARM,Asia,Western Asia,1.9790800000000006
Kenya,4.356,0.52267,0.7624,0.30147,0.40576,0.41328,0.06686,2016,KEN,Africa,Sub-Saharan Africa,1.8835600000000001
Ukraine,4.324,0.87287,1.01413,0.58628,0.12859,0.20363,0.01829,2016,UKR,Europe,Eastern Europe,1.50021
Ghana,4.276,0.63107,0.49353,0.29681,0.40973,0.21203,0.0326,2016,GHA,Africa,Sub-Saharan Africa,2.20023
Congo (Kinshasa),4.272,0.05661,0.80676,0.188,0.15602,0.25458,0.06075,2016,COD,Africa,Sub-Saharan Africa,2.7492799999999997
Georgia,4.252,0.83792,0.19249,0.64035,0.32461,0.06786,0.3188,2016,GEO,Asia,Western Asia,1.86997
Congo (Brazzaville),4.236,0.77109,0.47799,0.28212,0.37938,0.12077,0.09753,2016,COG,Africa,Sub-Saharan Africa,2.1071199999999997
Senegal,4.219,0.44314,0.77416,0.40457,0.31056,0.19103,0.11681,2016,SEN,Africa,Sub-Saharan Africa,1.9787300000000005
Bulgaria,4.217,1.11306,0.92542,0.67806,0.21219,0.12793,0.00615,2016,BGR,Europe,Eastern Europe,1.1541899999999998
Mauritania,4.201,0.61391,0.84142,0.28639,0.1268,0.22686,0.17955,2016,MRT,Africa,Sub-Saharan Africa,1.9260699999999997
Zimbabwe,4.193,0.35041,0.71478,0.1595,0.25429,0.18503,0.08582,2016,ZWE,Africa,Sub-Saharan Africa,2.4431699999999994
Malawi,4.156,0.08709,0.147,0.29364,0.4143,0.30968,0.07564,2016,MWI,Africa,Sub-Saharan Africa,2.8286499999999997
Sudan,4.139,0.63069,0.81928,0.29759,0.0,0.18077,0.10039,2016,SDN,Africa,Northern Africa,2.1102800000000004
Gabon,4.121,1.15851,0.72368,0.3494,0.28098,0.06244,0.09314,2016,GAB,Africa,Sub-Saharan Africa,1.4528500000000002
Mali,4.073,0.31292,0.86333,0.16347,0.27544,0.21064,0.13647,2016,MLI,Africa,Sub-Saharan Africa,2.11073
Haiti,4.028,0.34097,0.29561,0.27494,0.12072,0.47958,0.14476,2016,HTI,Americas,Latin America and the Caribbean,2.3714199999999996
Botswana,3.974,1.09426,0.89186,0.34752,0.44089,0.12425,0.10769,2016,BWA,Africa,Sub-Saharan Africa,0.9675300000000004
Comoros,3.956,0.27509,0.60323,0.29981,0.15412,0.1827,0.18437,2016,COM,Africa,Sub-Saharan Africa,2.2566800000000002
Ivory Coast,3.916,0.55507,0.57576,0.04476,0.40663,0.20338,0.1553,2016,CIV,Africa,Sub-Saharan Africa,1.9750999999999999
Cambodia,3.907,0.55604,0.5375,0.42494,0.58852,0.40339,0.08092,2016,KHM,Asia,South-eastern Asia,1.3156900000000005
Angola,3.866,0.84731,0.66366,0.04991,0.00589,0.12071,0.08434,2016,AGO,Africa,Sub-Saharan Africa,2.09418
Niger,3.856,0.1327,0.6053,0.26162,0.38041,0.2097,0.17176,2016,NER,Africa,Sub-Saharan Africa,2.0945099999999996
South Sudan,3.832,0.39394,0.18519,0.15781,0.19662,0.25899,0.13015,2016,SSD,Africa,Sub-Saharan Africa,2.5092999999999996
Chad,3.763,0.42214,0.63178,0.03824,0.12807,0.18667,0.04952,2016,TCD,Africa,Sub-Saharan Africa,2.3065800000000003
Burkina Faso,3.739,0.31995,0.63054,0.21297,0.3337,0.24353,0.12533,2016,BFA,Africa,Sub-Saharan Africa,1.8729799999999999
Uganda,3.739,0.34719,0.90981,0.19625,0.43653,0.27102,0.06442,2016,UGA,Africa,Sub-Saharan Africa,1.5137799999999997
Yemen,3.724,0.57939,0.47493,0.31048,0.2287,0.09821,0.05892,2016,YEM,Asia,Western Asia,1.9733700000000005
Madagascar,3.695,0.27954,0.46115,0.37109,0.13684,0.2204,0.07506,2016,MDG,Africa,Sub-Saharan Africa,2.15092
Tanzania,3.666,0.47155,0.77623,0.357,0.3176,0.31472,0.05099,2016,TZA,Africa,Sub-Saharan Africa,1.37791
Liberia,3.622,0.10706,0.50353,0.23165,0.25748,0.24063,0.04852,2016,LBR,Africa,Sub-Saharan Africa,2.23313
Guinea,3.607,0.22415,0.3109,0.18829,0.30953,0.29914,0.1192,2016,GIN,Africa,Sub-Saharan Africa,2.15579
Rwanda,3.515,0.32846,0.61586,0.31865,0.5432,0.23552,0.50521,2016,RWA,Africa,Sub-Saharan Africa,0.9681000000000002
Benin,3.484,0.39499,0.10419,0.21028,0.39747,0.2018,0.06681,2016,BEN,Africa,Sub-Saharan Africa,2.10846
Afghanistan,3.36,0.38227,0.11037,0.17344,0.1643,0.31268,0.07112,2016,AFG,Asia,Southern Asia,2.1458199999999996
Togo,3.303,0.28123,0.0,0.24811,0.34678,0.17517,0.11587,2016,TGO,Africa,Sub-Saharan Africa,2.13584
Syria,3.069,0.74719,0.14866,0.62994,0.06912,0.48397,0.17233,2016,SYR,Asia,Western Asia,0.8177899999999996
Burundi,2.905,0.06831,0.23442,0.15747,0.0432,0.2029,0.09419,2016,BDI,Africa,Sub-Saharan Africa,2.10451
Norway,7.53700017929077,1.61646318435669,1.53352355957031,0.796666502952576,0.635422587394714,0.36201223731041,0.315963834524155,2017,NOR,Europe,Northern Europe,2.2769482731819153
Denmark,7.52199983596802,1.48238301277161,1.55112159252167,0.792565524578094,0.626006722450256,0.355280488729477,0.40077006816864,2017,DNK,Europe,Northern Europe,2.313872426748273
Iceland,7.50400018692017,1.480633020401,1.6105740070343,0.833552122116089,0.627162635326385,0.475540220737457,0.153526559472084,2017,ISL,Europe,Northern Europe,2.3230116218328547
Switzerland,7.49399995803833,1.56497955322266,1.51691174507141,0.858131289482117,0.620070576667786,0.290549278259277,0.367007285356522,2017,CHE,Europe,Western Europe,2.276350229978558
Finland,7.4689998626709,1.44357192516327,1.5402467250824,0.80915766954422,0.617950856685638,0.24548277258873,0.38261154294014,2017,FIN,Europe,Northern Europe,2.429978370666502
Netherlands,7.3769998550415,1.50394463539124,1.42893922328949,0.810696125030518,0.585384488105774,0.470489829778671,0.282661825418472,2017,NLD,Europe,Western Europe,2.294883728027335
Canada,7.31599998474121,1.47920441627502,1.48134899139404,0.83455765247345,0.611100912094116,0.435539722442627,0.287371516227722,2017,CAN,Americas,Northern America,2.1868767738342347
New Zealand,7.31400012969971,1.40570604801178,1.54819512367249,0.816759705543518,0.614062130451202,0.500005125999451,0.382816702127457,2017,NZL,Oceania,Australia and New Zealand,2.0464552938938123
Sweden,7.28399991989136,1.49438726902008,1.47816216945648,0.830875158309937,0.612924098968506,0.385399252176285,0.384398728609085,2017,SWE,Europe,Northern Europe,2.097853243350987
Australia,7.28399991989136,1.484414935112,1.51004195213318,0.84388679265976,0.601607382297516,0.477699249982834,0.301183730363846,2017,AUS,Oceania,Australia and New Zealand,2.065165877342224
Israel,7.21299982070923,1.37538242340088,1.37628996372223,0.83840399980545,0.405988603830338,0.330082654953003,0.0852421000599861,2017,ISR,Asia,Western Asia,2.8016100749373436
Costa Rica,7.0789999961853,1.10970628261566,1.41640365123749,0.759509265422821,0.580131649971008,0.214613229036331,0.100106589496136,2017,CRI,Americas,Latin America and the Caribbean,2.8985293284058544
Austria,7.00600004196167,1.48709726333618,1.4599449634552,0.815328419208527,0.567766189575195,0.316472321748734,0.221060365438461,2017,AUT,Europe,Western Europe,2.1383305191993722
United States,6.99300003051758,1.54625928401947,1.41992056369781,0.77428662776947,0.505740523338318,0.392578780651093,0.135638788342476,2017,USA,Americas,Northern America,2.2185754626989436
Ireland,6.97700023651123,1.53570663928986,1.55823111534119,0.80978262424469,0.573110342025757,0.42785832285881,0.29838815331459,2017,IRL,Europe,Northern Europe,1.7739230394363323
Germany,6.95100021362305,1.48792338371277,1.47252035140991,0.798950731754303,0.562511384487152,0.336269170045853,0.276731938123703,2017,DEU,Europe,Western Europe,2.01609325408936
Belgium,6.89099979400635,1.46378076076508,1.46231269836426,0.818091869354248,0.539770722389221,0.231503337621689,0.251343131065369,2017,BEL,Europe,Western Europe,2.124197274446484
Luxembourg,6.86299991607666,1.74194359779358,1.45758366584778,0.845089495182037,0.59662789106369,0.283180981874466,0.31883442401886,2017,LUX,Europe,Western Europe,1.6197398602962467
United Kingdom,6.71400022506714,1.44163393974304,1.49646008014679,0.805335938930511,0.508190035820007,0.492774158716202,0.265428066253662,2017,GBR,Europe,Northern Europe,1.704178005456928
Chile,6.65199995040894,1.25278460979462,1.28402495384216,0.819479703903198,0.376895278692245,0.326662421226501,0.0822879821062088,2017,CHL,Americas,Latin America and the Caribbean,2.509865000844007
United Arab Emirates,6.64799976348877,1.62634336948395,1.26641023159027,0.726798236370087,0.60834527015686,0.3609419465065,0.324489563703537,2017,ARE,Asia,Western Asia,1.7346711456775656
Brazil,6.63500022888184,1.10735321044922,1.43130600452423,0.616552352905273,0.437453746795654,0.16234989464283,0.111092761158943,2017,BRA,Americas,Latin America and the Caribbean,2.7688922584056903
Czech Republic,6.60900020599365,1.35268235206604,1.43388521671295,0.754444003105164,0.490946173667908,0.0881067588925362,0.0368729270994663,2017,CZE,Europe,Eastern Europe,2.452062774449585
Argentina,6.59899997711182,1.18529546260834,1.44045114517212,0.695137083530426,0.494519203901291,0.109457060694695,0.059739887714386,2017,ARG,Americas,Latin America and the Caribbean,2.614400133490562
Mexico,6.57800006866455,1.15318381786346,1.210862159729,0.709978997707367,0.412730008363724,0.120990432798862,0.132774114608765,2017,MEX,Americas,Latin America and the Caribbean,2.837480537593372
Singapore,6.57200002670288,1.69227766990662,1.35381436347961,0.949492394924164,0.549840569496155,0.345965981483459,0.46430778503418,2017,SGP,Asia,South-eastern Asia,1.2163012623786926
Malta,6.52699995040894,1.34327983856201,1.48841166496277,0.821944236755371,0.588767051696777,0.574730575084686,0.153066068887711,2017,MLT,Europe,Southern Europe,1.5568005144596144
Uruguay,6.4539999961853,1.21755969524384,1.41222786903381,0.719216823577881,0.57939225435257,0.175096929073334,0.178061872720718,2017,URY,Americas,Latin America and the Caribbean,2.172444552183147
Guatemala,6.4539999961853,0.872001945972443,1.25558519363403,0.540239989757538,0.531310617923737,0.283488392829895,0.0772232785820961,2017,GTM,Americas,Latin America and the Caribbean,2.894150577485561
Panama,6.4520001411438,1.23374843597412,1.37319254875183,0.706156134605408,0.550026834011078,0.21055693924427,0.070983923971653,2017,PAN,Americas,Latin America and the Caribbean,2.3073353245854404
France,6.44199991226196,1.43092346191406,1.38777685165405,0.844465851783752,0.470222115516663,0.129762306809425,0.172502428293228,2017,FRA,Europe,Western Europe,2.006346896290782
Thailand,6.42399978637695,1.12786877155304,1.42579245567322,0.647239029407501,0.580200731754303,0.572123110294342,0.0316127352416515,2017,THA,Asia,South-eastern Asia,2.039162952452892
Taiwan Province of China,6.42199993133545,1.43362653255463,1.38456535339355,0.793984234333038,0.361466586589813,0.258360475301743,0.0638292357325554,2017,TWN,Asia,Eastern Asia,2.1261675134301212
Spain,6.40299987792969,1.38439786434174,1.53209090232849,0.888960599899292,0.408781230449677,0.190133571624756,0.0709140971302986,2017,ESP,Europe,Southern Europe,1.9277216121554366
Qatar,6.375,1.87076568603516,1.27429687976837,0.710098087787628,0.604130983352661,0.330473870038986,0.439299255609512,2017,QAT,Asia,Western Asia,1.1459352374076825
Colombia,6.35699987411499,1.07062232494354,1.4021829366684,0.595027923583984,0.477487415075302,0.149014472961426,0.0466687418520451,2017,COL,Americas,Latin America and the Caribbean,2.6159960590302926
Saudi Arabia,6.3439998626709,1.53062355518341,1.28667759895325,0.590148329734802,0.449750572443008,0.147616013884544,0.27343225479126,2017,SAU,Asia,Western Asia,2.065751537680627
Trinidad and Tobago,6.16800022125244,1.36135590076447,1.3802285194397,0.519983291625977,0.518630743026733,0.325296461582184,0.0089648161083459,2017,TTO,Americas,Latin America and the Caribbean,2.05354048870503
Kuwait,6.10500001907349,1.63295245170593,1.25969874858856,0.632105708122253,0.496337592601776,0.228289797902107,0.215159550309181,2017,KWT,Asia,Western Asia,1.6404561698436826
Slovakia,6.09800004959106,1.32539355754852,1.50505924224854,0.712732911109924,0.295817464590073,0.136544480919838,0.0242108516395092,2017,SVK,Europe,Eastern Europe,2.098241541534656
Bahrain,6.08699989318848,1.48841226100922,1.32311046123505,0.653133034706116,0.536746919155121,0.172668486833572,0.257042169570923,2017,BHR,Asia,Western Asia,1.6558865606784785
Malaysia,6.08400011062622,1.29121541976929,1.28464603424072,0.618784427642822,0.402264982461929,0.416608929634094,0.0656007081270218,2017,MYS,Asia,South-eastern Asia,2.0048796087503433
Nicaragua,6.07100009918213,0.737299203872681,1.28721570968628,0.653095960617065,0.447551846504211,0.301674216985703,0.130687981843948,2017,NIC,Americas,Latin America and the Caribbean,2.513475179672242
Ecuador,6.00799989700317,1.00082039833069,1.28616881370544,0.685636222362518,0.4551981985569,0.150112465023994,0.140134647488594,2017,ECU,Americas,Latin America and the Caribbean,2.289929151535034
El Salvador,6.00299978256226,0.909784495830536,1.18212509155273,0.596018552780151,0.432452529668808,0.0782579854130745,0.0899809598922729,2017,SLV,Americas,Latin America and the Caribbean,2.714380167424688
Poland,5.97300004959106,1.29178786277771,1.44571197032928,0.699475347995758,0.520342111587524,0.158465966582298,0.0593078061938286,2017,POL,Europe,Eastern Europe,1.7979089841246614
Uzbekistan,5.97100019454956,0.786441087722778,1.54896914958954,0.498272627592087,0.658248662948608,0.415983647108078,0.246528223156929,2017,UZB,Asia,Central Asia,1.8165567964315406
Italy,5.96400022506714,1.39506661891937,1.44492328166962,0.853144347667694,0.256450712680817,0.17278964817524,0.0280280914157629,2017,ITA,Europe,Southern Europe,1.8135975245386353
Russia,5.96299982070923,1.28177809715271,1.46928238868713,0.547349333763123,0.373783111572266,0.0522638224065304,0.0329628810286522,2017,RUS,Europe,Eastern Europe,2.2055801860988185
Belize,5.95599985122681,0.907975316047668,1.08141779899597,0.450191766023636,0.547509372234344,0.240015640854836,0.0965810716152191,2017,BLZ,Americas,Latin America and the Caribbean,2.6323088854551373
Japan,5.92000007629395,1.41691517829895,1.43633782863617,0.913475871086121,0.505625545978546,0.12057276815176,0.163760736584663,2017,JPN,Asia,Eastern Asia,1.363312147557739
Lithuania,5.90199995040894,1.31458234786987,1.47351610660553,0.62894994020462,0.234231784939766,0.010164656676352,0.0118656428530812,2017,LTU,Europe,Northern Europe,2.2286894712597207
Algeria,5.87200021743774,1.09186446666718,1.1462174654007,0.617584645748138,0.233335807919502,0.0694366469979286,0.146096110343933,2017,DZA,Africa,Northern Africa,2.567465074360358
Latvia,5.84999990463257,1.26074862480164,1.40471494197845,0.638566970825195,0.325707912445068,0.153074786067009,0.0738427266478539,2017,LVA,Europe,Northern Europe,1.9933439418673546
South Korea,5.83799982070923,1.40167844295502,1.12827444076538,0.900214076042175,0.257921665906906,0.206674367189407,0.0632826685905457,2017,KOR,Asia,Eastern Asia,1.879954159259797
Moldova,5.83799982070923,0.728870630264282,1.25182557106018,0.589465200901031,0.240729048848152,0.208779126405716,0.0100912861526012,2017,MDA,Europe,Eastern Europe,2.808238957077268
Romania,5.82499980926514,1.21768391132355,1.15009129047394,0.685158312320709,0.457003742456436,0.133519917726517,0.00438790069893,2017,ROU,Europe,Eastern Europe,2.177154734265058
Bolivia,5.82299995422363,0.833756566047668,1.22761905193329,0.473630249500275,0.558732926845551,0.22556072473526,0.0604777261614799,2017,BOL,Americas,Latin America and the Caribbean,2.443222709000106
Turkmenistan,5.82200002670288,1.13077676296234,1.49314916133881,0.437726080417633,0.41827192902565,0.24992498755455,0.259270340204239,2017,TKM,Asia,Central Asia,1.8328807651996577
Kazakhstan,5.81899976730347,1.28455626964569,1.38436901569366,0.606041550636292,0.437454283237457,0.201964423060417,0.119282886385918,2017,KAZ,Asia,Central Asia,1.7853313386440366
North Cyprus,5.80999994277954,1.3469113111496,1.18630337715149,0.834647238254547,0.471203625202179,0.266845703125,0.155353352427483,2017,CYP,Asia,Western Asia,1.5487353354692415
Slovenia,5.75799989700317,1.3412059545517,1.45251882076263,0.790828227996826,0.572575807571411,0.242649093270302,0.0451289787888527,2017,SVN,Europe,Southern Europe,1.3130930140614483
Peru,5.71500015258789,1.03522527217865,1.21877038478851,0.630166113376617,0.450002878904343,0.126819714903831,0.0470490865409374,2017,PER,Americas,Latin America and the Caribbean,2.206966701895001
Mauritius,5.62900018692017,1.18939554691315,1.20956099033356,0.638007462024689,0.491247326135635,0.360933750867844,0.0421815551817417,2017,MUS,Africa,Sub-Saharan Africa,1.6976735554635494
Cyprus,5.62099981307983,1.35593807697296,1.13136327266693,0.84471470117569,0.355111539363861,0.271254301071167,0.0412379764020443,2017,CYP,Asia,Western Asia,1.621379945427178
Estonia,5.61100006103516,1.32087934017181,1.47667109966278,0.695168316364288,0.479131430387497,0.0988908112049103,0.183248922228813,2017,EST,Europe,Northern Europe,1.3570101410150608
Belarus,5.56899976730347,1.15655755996704,1.44494521617889,0.637714266777039,0.295400261878967,0.15513750910759,0.156313821673393,2017,BLR,Europe,Eastern Europe,1.7229311317205518
Libya,5.52500009536743,1.10180306434631,1.35756433010101,0.520169019699097,0.465733230113983,0.152073666453362,0.0926102101802826,2017,LBY,Africa,Northern Africa,1.835046574473385
Turkey,5.5,1.19827437400818,1.33775317668915,0.637605607509613,0.300740599632263,0.0466930419206619,0.0996715798974037,2017,TUR,Asia,Western Asia,1.879261620342728
Paraguay,5.49300003051758,0.932537317276001,1.50728487968445,0.579250693321228,0.473507791757584,0.224150657653809,0.091065913438797,2017,PRY,Americas,Latin America and the Caribbean,1.6852027773857108
"Hong Kong S.A.R., China",5.47200012207031,1.55167484283447,1.26279091835022,0.943062424659729,0.490968644618988,0.374465793371201,0.293933749198914,2017,HKG,Asia,Eastern Asia,0.555103749036788
Philippines,5.42999982833862,0.85769921541214,1.25391757488251,0.468009054660797,0.585214674472809,0.193513423204422,0.0993318930268288,2017,PHL,Asia,South-eastern Asia,1.9723139926791138
Serbia,5.39499998092651,1.06931757926941,1.25818979740143,0.65078467130661,0.208715528249741,0.220125883817673,0.0409037806093693,2017,SRB,Europe,Southern Europe,1.9469627402722764
Jordan,5.33599996566772,0.991012394428253,1.23908889293671,0.604590058326721,0.418421149253845,0.172170460224152,0.11980327218771,2017,JOR,Asia,Western Asia,1.7909137383103286
Hungary,5.32399988174438,1.2860119342804,1.34313309192657,0.687763452529907,0.175863519310951,0.0784016624093056,0.0366369374096394,2017,HUN,Europe,Eastern Europe,1.7161892838776067
Jamaica,5.31099987030029,0.925579309463501,1.36821806430817,0.641022384166718,0.474307239055634,0.233818337321281,0.0552677810192108,2017,JAM,Americas,Latin America and the Caribbean,1.6127867549657755
Croatia,5.29300022125244,1.22255623340607,0.96798300743103,0.701288521289825,0.255772292613983,0.248002976179123,0.0431031100451946,2017,HRV,Europe,Southern Europe,1.854294080287214
Kosovo,5.27899980545044,0.951484382152557,1.13785350322723,0.541452050209045,0.260287940502167,0.319931447505951,0.0574716180562973,2017,XKX,Europe,Southern Europe,2.010518863797193
China,5.27299976348877,1.08116579055786,1.16083741188049,0.741415500640869,0.472787708044052,0.0288068410009146,0.0227942746132612,2017,CHN,Asia,Eastern Asia,1.7651922367513233
Pakistan,5.26900005340576,0.72688353061676,0.672690689563751,0.402047783136368,0.23521526157856,0.315446019172668,0.124348066747189,2017,PAK,Asia,Southern Asia,2.7923687025904638
Indonesia,5.26200008392334,0.995538592338562,1.27444469928741,0.492345720529556,0.443323463201523,0.611704587936401,0.0153171354904771,2017,IDN,Asia,South-eastern Asia,1.429325885139411
Venezuela,5.25,1.12843120098114,1.43133759498596,0.617144227027893,0.153997123241425,0.0650196298956871,0.0644911229610443,2017,VEN,Americas,Latin America and the Caribbean,1.7895791009068507
Montenegro,5.23699998855591,1.12112903594971,1.23837649822235,0.667464673519135,0.194989055395126,0.197911024093628,0.0881741940975189,2017,MNE,Europe,Southern Europe,1.7289555072784424
Morocco,5.2350001335144,0.878114581108093,0.774864435195923,0.59771066904068,0.408158332109451,0.0322099551558495,0.0877631828188896,2017,MAR,Africa,Northern Africa,2.456178978085514
Azerbaijan,5.23400020599365,1.15360176563263,1.15240025520325,0.540775775909424,0.398155838251114,0.0452693402767181,0.180987507104874,2017,AZE,Asia,Western Asia,1.7628097236156397
Dominican Republic,5.23000001907349,1.07937383651733,1.40241670608521,0.574873745441437,0.55258983373642,0.186967849731445,0.113945253193378,2017,DOM,Americas,Latin America and the Caribbean,1.3198327943682702
Greece,5.22700023651123,1.28948748111725,1.23941457271576,0.810198903083801,0.0957312509417534,0.0,0.04328977689147,2017,GRC,Europe,Southern Europe,1.7488782517611954
Lebanon,5.22499990463257,1.07498753070831,1.12962424755096,0.735081076622009,0.288515985012054,0.264450758695602,0.037513829767704,2017,LBN,Asia,Western Asia,1.6948264762759306
Portugal,5.19500017166138,1.3151752948761,1.36704301834106,0.795843541622162,0.498465299606323,0.0951027125120163,0.0158694516867399,2017,PRT,Europe,Southern Europe,1.1075008530169788
Bosnia and Herzegovina,5.18200016021729,0.982409417629242,1.0693359375,0.705186307430267,0.204403176903725,0.328867495059967,0.0,2017,BIH,Europe,Southern Europe,1.8917978256940886
Honduras,5.18100023269653,0.730573117733002,1.14394497871399,0.582569479942322,0.348079860210419,0.236188873648643,0.0733454525470734,2017,HND,Americas,Latin America and the Caribbean,2.0662984699010805
Macedonia,5.17500019073486,1.06457793712616,1.20789301395416,0.644948184490204,0.325905978679657,0.25376096367836,0.0602777935564518,2017,MKD,Europe,Southern Europe,1.6176363192498675
Somalia,5.15100002288818,0.0226431842893362,0.721151351928711,0.113989137113094,0.602126955986023,0.291631311178207,0.282410323619843,2017,SOM,Africa,Eastern Africa,3.1170477587729657
Vietnam,5.07399988174438,0.788547575473785,1.27749133110046,0.652168989181519,0.571055591106415,0.234968051314354,0.0876332372426987,2017,VNM,Asia,South-eastern Asia,1.4621351063251486
Nigeria,5.07399988174438,0.783756256103516,1.21577048301697,0.0569157302379608,0.394952565431595,0.230947196483612,0.0261215660721064,2017,NGA,Africa,Sub-Saharan Africa,2.36553608439862
Tajikistan,5.04099988937378,0.524713635444641,1.27146327495575,0.529235124588013,0.471566706895828,0.248997643589973,0.146377146244049,2017,TJK,Asia,Central Asia,1.8486463576555257
Bhutan,5.01100015640259,0.885416388511658,1.34012651443481,0.495879292488098,0.501537680625916,0.474054545164108,0.173380389809608,2017,BTN,Asia,Southern Asia,1.1406053453683915
Kyrgyzstan,5.00400018692017,0.596220076084137,1.39423859119415,0.553457796573639,0.454943388700485,0.42858037352562,0.0394391790032387,2017,KGZ,Asia,Central Asia,1.5371207818388997
Nepal,4.96199989318848,0.479820191860199,1.17928326129913,0.504130780696869,0.440305948257446,0.394096165895462,0.0729755461215973,2017,NPL,Asia,Southern Asia,1.8913879990577769
Mongolia,4.95499992370605,1.02723586559296,1.4930112361908,0.557783484458923,0.394143968820572,0.338464230298996,0.0329022891819477,2017,MNG,Asia,Eastern Asia,1.1114588491618518
South Africa,4.8289999961853,1.05469870567322,1.38478863239288,0.187080070376396,0.479246735572815,0.139362379908562,0.0725094974040985,2017,ZAF,Africa,Sub-Saharan Africa,1.511313974857328
Tunisia,4.80499982833862,1.00726580619812,0.868351459503174,0.613212049007416,0.289680689573288,0.0496933571994305,0.0867231488227844,2017,TUN,Africa,Northern Africa,1.8900733180344078
Palestinian Territories,4.77500009536743,0.716249227523804,1.15564715862274,0.565666973590851,0.25471106171608,0.114173173904419,0.0892826020717621,2017,PSE,Asia,Western Asia,1.8792698979377733
Egypt,4.7350001335144,0.989701807498932,0.997471392154694,0.520187258720398,0.282110154628754,0.128631442785263,0.114381365478039,2017,EGY,Africa,Northern Africa,1.70251671224832
Bulgaria,4.71400022506714,1.1614590883255,1.43437945842743,0.708217680454254,0.289231717586517,0.113177694380283,0.0110515309497714,2017,BGR,Europe,Eastern Europe,0.9964830549433841
Sierra Leone,4.70900011062622,0.36842092871666,0.984136044979095,0.0055647538974881,0.318697690963745,0.293040901422501,0.0710951760411263,2017,SLE,Africa,Sub-Saharan Africa,2.6680446146056043
Cameroon,4.69500017166138,0.564305365085602,0.946018218994141,0.132892116904259,0.430388748645782,0.236298456788063,0.0513066314160824,2017,CMR,Africa,Sub-Saharan Africa,2.3337906338274506
Iran,4.69199991226196,1.15687310695648,0.711551249027252,0.639333188533783,0.249322608113289,0.387242913246155,0.048761073499918,2017,IRN,Asia,Southern Asia,1.4989157728850833
Albania,4.64400005340576,0.996192753314972,0.803685247898102,0.731159746646881,0.381498634815216,0.201312944293022,0.0398642159998417,2017,ALB,Europe,Southern Europe,1.4902865104377248
Bangladesh,4.60799980163574,0.586682975292206,0.735131740570068,0.533241033554077,0.478356659412384,0.172255352139473,0.123717859387398,2017,BGD,Asia,Southern Asia,1.9786141812801339
Namibia,4.57399988174438,0.964434325695038,1.0984708070755,0.33861181139946,0.520303547382355,0.0771337449550629,0.0931469723582268,2017,NAM,Africa,Sub-Saharan Africa,1.4818986728787378
Kenya,4.55299997329712,0.560479462146759,1.06795072555542,0.309988349676132,0.452763766050339,0.444860309362411,0.0646413192152977,2017,KEN,Africa,Sub-Saharan Africa,1.6523160412907614
Mozambique,4.55000019073486,0.234305649995804,0.870701014995575,0.106654435396194,0.480791091918945,0.322228103876114,0.179436385631561,2017,MOZ,Africa,Sub-Saharan Africa,2.355883508920667
Myanmar,4.54500007629395,0.367110550403595,1.12323594093323,0.397522568702698,0.514492034912109,0.838075160980225,0.188816204667091,2017,MMR,Asia,South-eastern Asia,1.115747615695002
Senegal,4.53499984741211,0.479309022426605,1.17969191074371,0.409362852573395,0.377922266721725,0.183468893170357,0.115460447967052,2017,SEN,Africa,Sub-Saharan Africa,1.7897844538092662
Zambia,4.51399993896484,0.636406779289246,1.00318729877472,0.257835894823074,0.461603492498398,0.249580144882202,0.0782135501503944,2017,ZMB,Africa,Sub-Saharan Africa,1.8271727785468057
Iraq,4.49700021743774,1.10271048545837,0.978613197803497,0.501180469989777,0.288555532693863,0.19963726401329,0.107215754687786,2017,IRQ,Asia,Western Asia,1.3190875127911568
Gabon,4.46500015258789,1.1982102394104,1.1556202173233,0.356578588485718,0.312328577041626,0.0437853783369064,0.0760467872023582,2017,GAB,Africa,Sub-Saharan Africa,1.3224303647875812
Ethiopia,4.46000003814697,0.339233845472336,0.86466920375824,0.353409707546234,0.408842742443085,0.312650740146637,0.165455713868141,2017,ETH,Africa,Sub-Saharan Africa,2.0157380849122966
Sri Lanka,4.44000005722046,1.00985014438629,1.25997638702393,0.625130832195282,0.561213254928589,0.490863561630249,0.0736539661884308,2017,LKA,Asia,Southern Asia,0.41931191086768926
Armenia,4.37599992752075,0.900596737861633,1.00748372077942,0.637524425983429,0.198303267359734,0.0834880918264389,0.0266744215041399,2017,ARM,Asia,Western Asia,1.5219292622059553
India,4.31500005722046,0.792221248149872,0.754372596740723,0.455427616834641,0.469987004995346,0.231538489460945,0.0922268852591515,2017,IND,Asia,Southern Asia,1.5192262157797813
Mauritania,4.29199981689453,0.648457288742065,1.2720308303833,0.285349279642105,0.0960980430245399,0.201870024204254,0.136957004666328,2017,MRT,Africa,Sub-Saharan Africa,1.6512373462319383
Congo (Brazzaville),4.29099988937378,0.808964252471924,0.832044363021851,0.28995743393898,0.435025870800018,0.120852127671242,0.0796181336045265,2017,COG,Africa,Sub-Saharan Africa,1.7245377078652386
Georgia,4.28599977493286,0.950612664222717,0.57061493396759,0.649546980857849,0.309410035610199,0.0540088154375553,0.251666635274887,2017,GEO,Asia,Western Asia,1.5001397095620632
Congo (Kinshasa),4.28000020980835,0.0921023488044739,1.22902345657349,0.191407024860382,0.235961347818375,0.246455833315849,0.0602413564920425,2017,COD,Africa,Sub-Saharan Africa,2.224808841943737
Mali,4.19000005722046,0.476180493831635,1.28147339820862,0.169365674257278,0.306613743305206,0.183354198932648,0.104970246553421,2017,MLI,Africa,Sub-Saharan Africa,1.668042302131652
Ivory Coast,4.17999982833862,0.603048920631409,0.904780030250549,0.0486421696841717,0.447706192731857,0.201237469911575,0.130061775445938,2017,CIV,Africa,Sub-Saharan Africa,1.8445232696831209
Cambodia,4.16800022125244,0.601765096187592,1.00623834133148,0.429783403873444,0.633375823497772,0.385922968387604,0.0681059509515762,2017,KHM,Asia,South-eastern Asia,1.042808637022972
Sudan,4.13899993896484,0.65951669216156,1.21400856971741,0.290920823812485,0.0149958552792668,0.182317450642586,0.089847519993782,2017,SDN,Africa,Northern Africa,1.68739302735775
Ghana,4.11999988555908,0.667224824428558,0.873664736747742,0.295637726783752,0.423026293516159,0.256923943758011,0.0253363698720932,2017,GHA,Africa,Sub-Saharan Africa,1.578185990452765
Ukraine,4.09600019454956,0.89465194940567,1.39453756809235,0.575903952121735,0.122974775731564,0.270061463117599,0.0230294708162546,2017,UKR,Europe,Eastern Europe,0.814841015264387
Uganda,4.08099985122681,0.381430715322495,1.12982773780823,0.217632606625557,0.443185955286026,0.325766056776047,0.057069718837738,2017,UGA,Africa,Sub-Saharan Africa,1.5260870605707177
Burkina Faso,4.03200006484985,0.3502277135849,1.04328000545502,0.215844258666039,0.324367851018906,0.250864684581757,0.120328105986118,2017,BFA,Africa,Sub-Saharan Africa,1.72708744555711
Niger,4.02799987792969,0.161925330758095,0.993025004863739,0.26850500702858,0.36365869641304,0.228673845529556,0.138572946190834,2017,NER,Africa,Sub-Saharan Africa,1.8736390471458462
Malawi,3.97000002861023,0.233442038297653,0.512568831443787,0.315089583396912,0.466914653778076,0.287170469760895,0.0727116540074348,2017,MWI,Africa,Sub-Saharan Africa,2.0821027979254723
Chad,3.93600010871887,0.438012987375259,0.953855872154236,0.0411347150802612,0.16234202682972,0.216113850474358,0.0535818822681904,2017,TCD,Africa,Sub-Saharan Africa,2.0709587745368454
Zimbabwe,3.875,0.375846534967422,1.08309590816498,0.196763753890991,0.336384207010269,0.189143493771553,0.0953753814101219,2017,ZWE,Africa,Sub-Saharan Africa,1.5983907207846633
Lesotho,3.80800008773804,0.521021246910095,1.19009518623352,0.0,0.390661299228668,0.157497271895409,0.119094640016556,2017,LSO,Africa,Sub-Saharan Africa,1.4296304434537923
Angola,3.79500007629395,0.858428180217743,1.10441195964813,0.0498686656355858,0.0,0.097926490008831,0.0697203353047371,2017,AGO,Africa,Sub-Saharan Africa,1.6146444454789233
Afghanistan,3.79399991035461,0.401477217674255,0.581543326377869,0.180746778845787,0.106179520487785,0.311870932579041,0.0611578300595284,2017,AFG,Asia,Southern Asia,2.1510243043303445
Botswana,3.76600003242493,1.12209415435791,1.22155499458313,0.341755509376526,0.505196332931519,0.0993484482169151,0.0985831990838051,2017,BWA,Africa,Sub-Saharan Africa,0.37746739387512473
Benin,3.65700006484985,0.431085407733917,0.435299843549728,0.209930211305618,0.425962775945663,0.207948461174965,0.0609290152788162,2017,BEN,Africa,Sub-Saharan Africa,1.8858443498611428
Madagascar,3.64400005340576,0.305808693170547,0.913020372390747,0.375223308801651,0.189196765422821,0.208732530474663,0.0672319754958153,2017,MDG,Africa,Sub-Saharan Africa,1.5847864076495157
Haiti,3.6029999256134,0.368610262870789,0.640449821949005,0.277321130037308,0.0303698573261499,0.489203780889511,0.0998721495270729,2017,HTI,Americas,Latin America and the Caribbean,1.6971729230135644
Yemen,3.59299993515015,0.591683447360992,0.93538224697113,0.310080915689468,0.249463722109795,0.104125209152699,0.0567674227058887,2017,YEM,Asia,Western Asia,1.3454969711601774
South Sudan,3.59100008010864,0.39724862575531,0.601323127746582,0.163486003875732,0.147062435746193,0.285670816898346,0.116793513298035,2017,SSD,Africa,Sub-Saharan Africa,1.8794155567884419
Liberia,3.53299999237061,0.119041793048382,0.872117936611176,0.229918196797371,0.332881182432175,0.26654988527298,0.0389482490718365,2017,LBR,Africa,Sub-Saharan Africa,1.6735427491366897
Guinea,3.50699996948242,0.244549930095673,0.791244685649872,0.194129139184952,0.348587512969971,0.264815092086792,0.110937617719173,2017,GIN,Africa,Sub-Saharan Africa,1.552735991775987
Togo,3.49499988555908,0.305444717407227,0.431882530450821,0.247105568647385,0.38042613863945,0.196896150708199,0.0956650152802467,2017,TGO,Africa,Sub-Saharan Africa,1.8375797644257512
Rwanda,3.47099995613098,0.368745893239975,0.945707023143768,0.326424807310104,0.581843852996826,0.252756029367447,0.455220013856888,2017,RWA,Africa,Sub-Saharan Africa,0.5403023362159725
Syria,3.46199989318848,0.777153134346008,0.396102607250214,0.50053334236145,0.0815394446253777,0.493663728237152,0.151347130537033,2017,SYR,Asia,Western Asia,1.0616605058312456
Tanzania,3.34899997711182,0.511135876178741,1.04198980331421,0.364509284496307,0.390017777681351,0.354256361722946,0.0660351067781448,2017,TZA,Africa,Sub-Saharan Africa,0.62105576694012
Burundi,2.90499997138977,0.091622568666935,0.629793584346771,0.151610791683197,0.0599007532000542,0.204435184597969,0.0841479450464249,2017,BDI,Africa,Sub-Saharan Africa,1.683489143848419
Central African Republic,2.69300007820129,0.0,0.0,0.0187726859003305,0.270842045545578,0.280876487493515,0.0565650761127472,2017,CAF,Africa,Sub-Saharan Africa,2.065943783149119
Finland,7.632,1.305,1.592,0.874,0.681,0.202,0.393,2018,FIN,Europe,Northern Europe,2.585
Norway,7.594,1.456,1.582,0.861,0.686,0.286,0.34,2018,NOR,Europe,Northern Europe,2.383000000000001
Denmark,7.555,1.351,1.59,0.868,0.683,0.284,0.408,2018,DNK,Europe,Northern Europe,2.3709999999999996
Iceland,7.495,1.343,1.644,0.914,0.677,0.353,0.138,2018,ISL,Europe,Northern Europe,2.426
Switzerland,7.487,1.42,1.549,0.927,0.66,0.256,0.357,2018,CHE,Europe,Western Europe,2.3179999999999996
Netherlands,7.441,1.361,1.488,0.878,0.638,0.333,0.295,2018,NLD,Europe,Western Europe,2.4479999999999995
Canada,7.328,1.33,1.532,0.896,0.653,0.321,0.291,2018,CAN,Americas,Northern America,2.3050000000000006
New Zealand,7.324,1.268,1.601,0.876,0.669,0.365,0.389,2018,NZL,Oceania,Australia and New Zealand,2.1559999999999997
Sweden,7.314,1.355,1.501,0.913,0.659,0.285,0.383,2018,SWE,Europe,Northern Europe,2.218
Australia,7.272,1.34,1.573,0.91,0.647,0.361,0.302,2018,AUS,Oceania,Australia and New Zealand,2.1390000000000002
United Kingdom,7.19,1.244,1.433,0.888,0.464,0.262,0.082,2018,GBR,Europe,Northern Europe,2.817
Austria,7.139,1.341,1.504,0.891,0.617,0.242,0.224,2018,AUT,Europe,Western Europe,2.3200000000000003
Costa Rica,7.072,1.01,1.459,0.817,0.632,0.143,0.101,2018,CRI,Americas,Latin America and the Caribbean,2.9099999999999993
Ireland,6.977,1.448,1.583,0.876,0.614,0.307,0.306,2018,IRL,Europe,Northern Europe,1.843
Germany,6.965,1.34,1.474,0.861,0.586,0.273,0.28,2018,DEU,Europe,Western Europe,2.151
Belgium,6.927,1.324,1.483,0.894,0.583,0.188,0.24,2018,BEL,Europe,Western Europe,2.214999999999999
Luxembourg,6.91,1.576,1.52,0.896,0.632,0.196,0.321,2018,LUX,Europe,Western Europe,1.769000000000001
United States,6.886,1.398,1.471,0.819,0.547,0.291,0.133,2018,USA,Americas,Northern America,2.2270000000000003
Israel,6.814,1.301,1.559,0.883,0.533,0.354,0.272,2018,ISR,Asia,Western Asia,1.912
United Arab Emirates,6.774,2.096,0.776,0.67,0.284,0.186,0.0,2018,ARE,Asia,Western Asia,2.7620000000000005
Czech Republic,6.711,1.233,1.489,0.854,0.543,0.064,0.034,2018,CZE,Europe,Eastern Europe,2.4939999999999998
Malta,6.627,1.27,1.525,0.884,0.645,0.376,0.142,2018,MLT,Europe,Southern Europe,1.7849999999999993
France,6.489,1.293,1.466,0.908,0.52,0.098,0.176,2018,FRA,Europe,Western Europe,2.0280000000000005
Mexico,6.488,1.038,1.252,0.761,0.479,0.069,0.095,2018,MEX,Americas,Latin America and the Caribbean,2.794
Chile,6.476,1.131,1.331,0.808,0.431,0.197,0.061,2018,CHL,Americas,Latin America and the Caribbean,2.5170000000000003
Taiwan,6.441,1.365,1.436,0.857,0.418,0.151,0.078,2018,TWN,Asia,Eastern Asia,2.1359999999999992
Panama,6.43,1.112,1.438,0.759,0.597,0.125,0.063,2018,PAN,Americas,Latin America and the Caribbean,2.3360000000000003
Brazil,6.419,0.986,1.474,0.675,0.493,0.11,0.088,2018,BRA,Americas,Latin America and the Caribbean,2.593
Argentina,6.388,1.073,1.468,0.744,0.57,0.062,0.054,2018,ARG,Americas,Latin America and the Caribbean,2.4170000000000003
Guatemala,6.382,0.781,1.268,0.608,0.604,0.179,0.071,2018,GTM,Americas,Latin America and the Caribbean,2.8709999999999996
Uruguay,6.379,1.093,1.459,0.771,0.625,0.13,0.155,2018,URY,Americas,Latin America and the Caribbean,2.145999999999999
Qatar,6.374,1.649,1.303,0.748,0.654,0.256,0.171,2018,QAT,Asia,Western Asia,1.592999999999999
Saudi Arabia,6.371,1.379,1.331,0.633,0.509,0.098,0.127,2018,SAU,Asia,Western Asia,2.2940000000000005
Singapore,6.343,1.529,1.451,1.008,0.631,0.261,0.457,2018,SGP,Asia,South-eastern Asia,1.0060000000000002
Malaysia,6.322,1.161,1.258,0.669,0.356,0.311,0.059,2018,MYS,Asia,South-eastern Asia,2.508
Spain,6.31,1.251,1.538,0.965,0.449,0.142,0.074,2018,ESP,Europe,Southern Europe,1.891
Colombia,6.26,0.96,1.439,0.635,0.531,0.099,0.039,2018,COL,Americas,Latin America and the Caribbean,2.5569999999999995
Trinidad & Tobago,6.192,1.223,1.492,0.564,0.575,0.171,0.019,2018,TTO,Americas,Latin America and the Caribbean,2.1479999999999997
Slovakia,6.173,1.21,1.537,0.776,0.354,0.118,0.014,2018,SVK,Europe,Eastern Europe,2.1640000000000006
El Salvador,6.167,0.806,1.231,0.639,0.461,0.065,0.082,2018,SLV,Americas,Latin America and the Caribbean,2.883
Nicaragua,6.141,0.668,1.319,0.7,0.527,0.208,0.128,2018,NIC,Americas,Latin America and the Caribbean,2.5909999999999993
Poland,6.123,1.176,1.448,0.781,0.546,0.108,0.064,2018,POL,Europe,Eastern Europe,2.000000000000001
Bahrain,6.105,1.338,1.366,0.698,0.594,0.243,0.123,2018,BHR,Asia,Western Asia,1.7430000000000003
Uzbekistan,6.096,0.719,1.584,0.605,0.724,0.328,0.259,2018,UZB,Asia,Central Asia,1.8770000000000007
Kuwait,6.083,1.474,1.301,0.675,0.554,0.167,0.106,2018,KWT,Asia,Western Asia,1.806
Thailand,6.072,1.016,1.417,0.707,0.637,0.364,0.029,2018,THA,Asia,South-eastern Asia,1.9020000000000001
Italy,6.0,1.264,1.501,0.946,0.281,0.137,0.028,2018,ITA,Europe,Southern Europe,1.8430000000000009
Ecuador,5.973,0.889,1.33,0.736,0.556,0.114,0.12,2018,ECU,Americas,Latin America and the Caribbean,2.2279999999999998
Belize,5.956,0.807,1.101,0.474,0.593,0.183,0.089,2018,BLZ,Americas,Latin America and the Caribbean,2.709000000000001
Lithuania,5.952,1.197,1.527,0.716,0.35,0.026,0.006,2018,LTU,Europe,Northern Europe,2.13
Slovenia,5.948,1.219,1.506,0.856,0.633,0.16,0.051,2018,SVN,Europe,Southern Europe,1.5229999999999997
Romania,5.945,1.116,1.219,0.726,0.528,0.088,0.001,2018,ROU,Europe,Eastern Europe,2.2670000000000003
Latvia,5.933,1.148,1.454,0.671,0.363,0.092,0.066,2018,LVA,Europe,Northern Europe,2.1390000000000002
Japan,5.915,1.294,1.462,0.988,0.553,0.079,0.15,2018,JPN,Asia,Eastern Asia,1.3889999999999993
Mauritius,5.891,1.09,1.387,0.684,0.584,0.245,0.05,2018,MUS,Africa,Sub-Saharan Africa,1.850999999999999
Jamaica,5.89,0.819,1.493,0.693,0.575,0.096,0.031,2018,JAM,Americas,Latin America and the Caribbean,2.1829999999999994
South Korea,5.875,1.266,1.204,0.955,0.244,0.175,0.051,2018,KOR,Asia,Eastern Asia,1.9800000000000004
Northern Cyprus,5.835,1.229,1.211,0.909,0.495,0.179,0.154,2018,CYP,Asia,Western Asia,1.6579999999999995
Russia,5.81,1.151,1.479,0.599,0.399,0.065,0.025,2018,RUS,Europe,Eastern Europe,2.0919999999999996
Kazakhstan,5.79,1.143,1.516,0.631,0.454,0.148,0.121,2018,KAZ,Asia,Central Asia,1.7770000000000001
Cyprus,5.762,1.229,1.191,0.909,0.423,0.202,0.035,2018,CYP,Asia,Western Asia,1.7729999999999997
Bolivia,5.752,0.751,1.223,0.508,0.606,0.141,0.054,2018,BOL,Americas,Latin America and the Caribbean,2.469
Estonia,5.739,1.2,1.532,0.737,0.553,0.086,0.174,2018,EST,Europe,Northern Europe,1.456999999999999
Paraguay,5.681,0.835,1.522,0.615,0.541,0.162,0.074,2018,PRY,Americas,Latin America and the Caribbean,1.932
Peru,5.663,0.934,1.249,0.674,0.53,0.092,0.034,2018,PER,Americas,Latin America and the Caribbean,2.15
Kosovo,5.662,0.855,1.23,0.578,0.448,0.274,0.023,2018,XKX,Europe,Southern Europe,2.254
Moldova,5.64,0.657,1.301,0.62,0.232,0.171,0.0,2018,MDA,Europe,Eastern Europe,2.659
Turkmenistan,5.636,1.016,1.533,0.517,0.417,0.199,0.037,2018,TKM,Asia,Central Asia,1.9170000000000007
Hungary,5.62,1.171,1.401,0.732,0.259,0.061,0.022,2018,HUN,Europe,Eastern Europe,1.9740000000000002
Libya,5.566,0.985,1.35,0.553,0.496,0.116,0.148,2018,LBY,Africa,Northern Africa,1.9179999999999997
Philippines,5.524,0.775,1.312,0.513,0.643,0.12,0.105,2018,PHL,Asia,South-eastern Asia,2.0559999999999996
Honduras,5.504,0.62,1.205,0.622,0.459,0.197,0.074,2018,HND,Americas,Latin America and the Caribbean,2.3269999999999995
Belarus,5.483,1.039,1.498,0.7,0.307,0.101,0.154,2018,BLR,Europe,Eastern Europe,1.6839999999999997
Turkey,5.483,1.148,1.38,0.686,0.324,0.106,0.109,2018,TUR,Asia,Western Asia,1.7300000000000004
Pakistan,5.472,0.652,0.81,0.424,0.334,0.216,0.113,2018,PAK,Asia,Southern Asia,2.923
Hong Kong,5.43,1.405,1.29,1.03,0.524,0.246,0.291,2018,HKG,Asia,Eastern Asia,0.6439999999999984
Portugal,5.41,1.188,1.429,0.884,0.562,0.055,0.017,2018,PRT,Europe,Southern Europe,1.2750000000000004
Serbia,5.398,0.975,1.369,0.685,0.288,0.134,0.043,2018,SRB,Europe,Southern Europe,1.904
Greece,5.358,1.154,1.202,0.879,0.131,0.0,0.044,2018,GRC,Europe,Southern Europe,1.948
Lebanon,5.358,0.965,1.179,0.785,0.503,0.214,0.136,2018,LBN,Asia,Western Asia,1.5759999999999992
Montenegro,5.347,1.017,1.279,0.729,0.259,0.111,0.081,2018,MNE,Europe,Southern Europe,1.8710000000000004
Croatia,5.321,1.115,1.161,0.737,0.38,0.12,0.039,2018,HRV,Europe,Southern Europe,1.7689999999999997
Dominican Republic,5.302,0.982,1.441,0.614,0.578,0.12,0.106,2018,DOM,Americas,Latin America and the Caribbean,1.4609999999999999
Algeria,5.295,0.979,1.154,0.687,0.077,0.055,0.135,2018,DZA,Africa,Northern Africa,2.2079999999999993
Morocco,5.254,0.779,0.797,0.669,0.46,0.026,0.074,2018,MAR,Africa,Northern Africa,2.449
China,5.246,0.989,1.142,0.799,0.597,0.029,0.103,2018,CHN,Asia,Eastern Asia,1.5870000000000006
Azerbaijan,5.201,1.024,1.161,0.603,0.43,0.031,0.176,2018,AZE,Asia,Western Asia,1.775999999999999
Tajikistan,5.199,0.474,1.166,0.598,0.292,0.187,0.034,2018,TJK,Asia,Central Asia,2.4480000000000004
Macedonia,5.185,0.959,1.239,0.691,0.394,0.173,0.052,2018,MKD,Europe,Southern Europe,1.6769999999999996
Jordan,5.161,0.822,1.265,0.645,0.468,0.13,0.134,2018,JOR,Asia,Western Asia,1.697
Nigeria,5.155,0.689,1.172,0.048,0.462,0.201,0.032,2018,NGA,Africa,Sub-Saharan Africa,2.551
Kyrgyzstan,5.131,0.53,1.416,0.594,0.54,0.281,0.035,2018,KGZ,Asia,Central Asia,1.7349999999999999
Bosnia and Herzegovina,5.129,0.915,1.078,0.758,0.28,0.216,0.0,2018,BIH,Europe,Southern Europe,1.8819999999999988
Mongolia,5.125,0.914,1.517,0.575,0.395,0.253,0.032,2018,MNG,Asia,Eastern Asia,1.4389999999999996
Vietnam,5.103,0.715,1.365,0.702,0.618,0.177,0.079,2018,VNM,Asia,South-eastern Asia,1.4469999999999996
Indonesia,5.093,0.899,1.215,0.522,0.538,0.484,0.018,2018,IDN,Asia,South-eastern Asia,1.4169999999999998
Bhutan,5.082,0.796,1.335,0.527,0.541,0.364,0.171,2018,BTN,Asia,Southern Asia,1.3479999999999999
Somalia,4.982,0.0,0.712,0.115,0.674,0.238,0.282,2018,SOM,Africa,Eastern Africa,2.9610000000000003
Cameroon,4.975,0.535,0.891,0.182,0.454,0.183,0.043,2018,CMR,Africa,Sub-Saharan Africa,2.6869999999999994
Bulgaria,4.933,1.054,1.515,0.712,0.359,0.064,0.009,2018,BGR,Europe,Eastern Europe,1.2200000000000002
Nepal,4.88,0.425,1.228,0.539,0.526,0.302,0.078,2018,NPL,Asia,Southern Asia,1.782
Venezuela,4.806,0.996,1.469,0.657,0.133,0.056,0.052,2018,VEN,Americas,Latin America and the Caribbean,1.443
Gabon,4.758,1.036,1.164,0.404,0.356,0.032,0.052,2018,GAB,Africa,Sub-Saharan Africa,1.714
Palestinian Territories,4.743,0.642,1.217,0.602,0.266,0.086,0.076,2018,PSE,Asia,Western Asia,1.8540000000000005
South Africa,4.724,0.94,1.41,0.33,0.516,0.103,0.056,2018,ZAF,Africa,Sub-Saharan Africa,1.3690000000000002
Iran,4.707,1.059,0.771,0.691,0.459,0.282,0.129,2018,IRN,Asia,Southern Asia,1.3159999999999998
Ivory Coast,4.671,0.541,0.872,0.08,0.467,0.146,0.103,2018,CIV,Africa,Sub-Saharan Africa,2.4619999999999997
Ghana,4.657,0.592,0.896,0.337,0.499,0.212,0.029,2018,GHA,Africa,Sub-Saharan Africa,2.092
Senegal,4.631,0.429,1.117,0.433,0.406,0.138,0.082,2018,SEN,Africa,Sub-Saharan Africa,2.0260000000000002
Laos,4.623,0.72,1.034,0.441,0.626,0.23,0.174,2018,LAO,Asia,South-eastern Asia,1.3980000000000006
Tunisia,4.592,0.9,0.906,0.69,0.271,0.04,0.063,2018,TUN,Africa,Northern Africa,1.7219999999999995
Albania,4.586,0.916,0.817,0.79,0.419,0.149,0.032,2018,ALB,Europe,Southern Europe,1.463
Sierra Leone,4.571,0.256,0.813,0.0,0.355,0.238,0.053,2018,SLE,Africa,Sub-Saharan Africa,2.856
Congo (Brazzaville),4.559,0.682,0.811,0.343,0.514,0.091,0.077,2018,COG,Africa,Sub-Saharan Africa,2.041
Bangladesh,4.5,0.532,0.85,0.579,0.58,0.153,0.144,2018,BGD,Asia,Southern Asia,1.662
Sri Lanka,4.471,0.918,1.314,0.672,0.585,0.307,0.05,2018,LKA,Asia,Southern Asia,0.625
Iraq,4.456,1.01,0.971,0.536,0.304,0.148,0.095,2018,IRQ,Asia,Western Asia,1.3920000000000003
Mali,4.447,0.37,1.233,0.152,0.367,0.139,0.056,2018,MLI,Africa,Sub-Saharan Africa,2.13
Namibia,4.441,0.874,1.281,0.365,0.519,0.051,0.064,2018,NAM,Africa,Sub-Saharan Africa,1.287
Cambodia,4.433,0.549,1.088,0.457,0.696,0.256,0.065,2018,KHM,Asia,South-eastern Asia,1.3219999999999996
Burkina Faso,4.424,0.314,1.097,0.254,0.312,0.175,0.128,2018,BFA,Africa,Sub-Saharan Africa,2.144
Egypt,4.419,0.885,1.025,0.553,0.312,0.092,0.107,2018,EGY,Africa,Northern Africa,1.4449999999999994
Mozambique,4.417,0.198,0.902,0.173,0.531,0.206,0.158,2018,MOZ,Africa,Sub-Saharan Africa,2.2489999999999997
Kenya,4.41,0.493,1.048,0.454,0.504,0.352,0.055,2018,KEN,Africa,Sub-Saharan Africa,1.5040000000000004
Zambia,4.377,0.562,1.047,0.295,0.503,0.221,0.082,2018,ZMB,Africa,Sub-Saharan Africa,1.6669999999999998
Mauritania,4.356,0.557,1.245,0.292,0.129,0.134,0.093,2018,MRT,Africa,Sub-Saharan Africa,1.9060000000000001
Ethiopia,4.35,0.308,0.95,0.391,0.452,0.22,0.146,2018,ETH,Africa,Sub-Saharan Africa,1.8829999999999996
Georgia,4.34,0.853,0.592,0.643,0.375,0.038,0.215,2018,GEO,Asia,Western Asia,1.624
Armenia,4.321,0.816,0.99,0.666,0.26,0.077,0.028,2018,ARM,Asia,Western Asia,1.4839999999999995
Myanmar,4.308,0.682,1.174,0.429,0.58,0.598,0.178,2018,MMR,Asia,South-eastern Asia,0.6670000000000003
Chad,4.301,0.358,0.907,0.053,0.189,0.181,0.06,2018,TCD,Africa,Sub-Saharan Africa,2.553
Congo (Kinshasa),4.245,0.069,1.136,0.204,0.312,0.197,0.052,2018,COD,Africa,Sub-Saharan Africa,2.2750000000000004
India,4.19,0.721,0.747,0.485,0.539,0.172,0.093,2018,IND,Asia,Southern Asia,1.4330000000000003
Niger,4.166,0.131,0.867,0.221,0.39,0.175,0.099,2018,NER,Africa,Sub-Saharan Africa,2.2830000000000004
Uganda,4.161,0.322,1.09,0.237,0.45,0.259,0.061,2018,UGA,Africa,Sub-Saharan Africa,1.7419999999999995
Benin,4.141,0.378,0.372,0.24,0.44,0.163,0.067,2018,BEN,Africa,Sub-Saharan Africa,2.481
Sudan,4.139,0.605,1.24,0.312,0.016,0.134,0.082,2018,SDN,Africa,Northern Africa,1.7500000000000004
Ukraine,4.103,0.793,1.413,0.609,0.163,0.187,0.011,2018,UKR,Europe,Eastern Europe,0.927
Togo,3.999,0.259,0.474,0.253,0.434,0.158,0.101,2018,TGO,Africa,Sub-Saharan Africa,2.3200000000000003
Guinea,3.964,0.344,0.792,0.211,0.394,0.185,0.094,2018,GIN,Africa,Sub-Saharan Africa,1.944
Lesotho,3.808,0.472,1.215,0.079,0.423,0.116,0.112,2018,LSO,Africa,Sub-Saharan Africa,1.3909999999999996
Angola,3.795,0.73,1.125,0.269,0.0,0.079,0.061,2018,AGO,Africa,Sub-Saharan Africa,1.5309999999999997
Madagascar,3.774,0.262,0.908,0.402,0.221,0.155,0.049,2018,MDG,Africa,Sub-Saharan Africa,1.777
Zimbabwe,3.692,0.357,1.094,0.248,0.406,0.132,0.099,2018,ZWE,Africa,Sub-Saharan Africa,1.3559999999999999
Afghanistan,3.632,0.332,0.537,0.255,0.085,0.191,0.036,2018,AFG,Asia,Southern Asia,2.1959999999999997
Botswana,3.59,1.017,1.174,0.417,0.557,0.042,0.092,2018,BWA,Africa,Sub-Saharan Africa,0.29100000000000037
Malawi,3.587,0.186,0.541,0.306,0.531,0.21,0.08,2018,MWI,Africa,Sub-Saharan Africa,1.733
Haiti,3.582,0.315,0.714,0.289,0.025,0.392,0.104,2018,HTI,Americas,Latin America and the Caribbean,1.7429999999999999
Liberia,3.495,0.076,0.858,0.267,0.419,0.206,0.03,2018,LBR,Africa,Sub-Saharan Africa,1.639
Syria,3.462,0.689,0.382,0.539,0.088,0.376,0.144,2018,SYR,Asia,Western Asia,1.2440000000000002
Rwanda,3.408,0.332,0.896,0.4,0.636,0.2,0.444,2018,RWA,Africa,Sub-Saharan Africa,0.49999999999999956
Yemen,3.355,0.442,1.073,0.343,0.244,0.083,0.064,2018,YEM,Asia,Western Asia,1.1059999999999999
Tanzania,3.303,0.455,0.991,0.381,0.481,0.27,0.097,2018,TZA,Africa,Sub-Saharan Africa,0.6280000000000001
South Sudan,3.254,0.337,0.608,0.177,0.112,0.224,0.106,2018,SSD,Africa,Sub-Saharan Africa,1.6899999999999997
Central African Republic,3.083,0.024,0.0,0.01,0.305,0.218,0.038,2018,CAF,Africa,Sub-Saharan Africa,2.4880000000000004
Burundi,2.905,0.091,0.627,0.145,0.065,0.149,0.076,2018,BDI,Africa,Sub-Saharan Africa,1.7519999999999998
Finland,7.769,1.34,1.587,0.986,0.596,0.153,0.393,2019,FIN,Europe,Northern Europe,2.7140000000000004
Denmark,7.6,1.383,1.573,0.996,0.592,0.252,0.41,2019,DNK,Europe,Northern Europe,2.394
Norway,7.554,1.488,1.582,1.028,0.603,0.271,0.341,2019,NOR,Europe,Northern Europe,2.2409999999999997
Iceland,7.494,1.38,1.624,1.026,0.591,0.354,0.118,2019,ISL,Europe,Northern Europe,2.400999999999999
Netherlands,7.488,1.396,1.522,0.999,0.557,0.322,0.298,2019,NLD,Europe,Western Europe,2.394
Switzerland,7.48,1.452,1.526,1.052,0.572,0.263,0.343,2019,CHE,Europe,Western Europe,2.272000000000001
Sweden,7.343,1.387,1.487,1.009,0.574,0.267,0.373,2019,SWE,Europe,Northern Europe,2.2459999999999996
New Zealand,7.307,1.303,1.557,1.026,0.585,0.33,0.38,2019,NZL,Oceania,Australia and New Zealand,2.1260000000000003
Canada,7.278,1.365,1.505,1.039,0.584,0.285,0.308,2019,CAN,Americas,Northern America,2.192
Austria,7.246,1.376,1.475,1.016,0.532,0.244,0.226,2019,AUT,Europe,Western Europe,2.3770000000000007
Australia,7.228,1.372,1.548,1.036,0.557,0.332,0.29,2019,AUS,Oceania,Australia and New Zealand,2.093
Costa Rica,7.167,1.034,1.441,0.963,0.558,0.144,0.093,2019,CRI,Americas,Latin America and the Caribbean,2.9339999999999993
Israel,7.139,1.276,1.455,1.029,0.371,0.261,0.082,2019,ISR,Asia,Western Asia,2.665
Luxembourg,7.09,1.609,1.479,1.012,0.526,0.194,0.316,2019,LUX,Europe,Western Europe,1.9540000000000006
United Kingdom,7.054,1.333,1.538,0.996,0.45,0.348,0.278,2019,GBR,Europe,Northern Europe,2.1110000000000007
Ireland,7.021,1.499,1.553,0.999,0.516,0.298,0.31,2019,IRL,Europe,Northern Europe,1.846
Germany,6.985,1.373,1.454,0.987,0.495,0.261,0.265,2019,DEU,Europe,Western Europe,2.1500000000000004
Belgium,6.923,1.356,1.504,0.986,0.473,0.16,0.21,2019,BEL,Europe,Western Europe,2.234
United States,6.892,1.433,1.457,0.874,0.454,0.28,0.128,2019,USA,Americas,Northern America,2.266
Czech Republic,6.852,1.269,1.487,0.92,0.457,0.046,0.036,2019,CZE,Europe,Eastern Europe,2.6370000000000005
United Arab Emirates,6.825,1.503,1.31,0.825,0.598,0.262,0.182,2019,ARE,Asia,Western Asia,2.1450000000000005
Malta,6.726,1.3,1.52,0.999,0.564,0.375,0.151,2019,MLT,Europe,Southern Europe,1.8170000000000002
Mexico,6.595,1.07,1.323,0.861,0.433,0.074,0.073,2019,MEX,Americas,Latin America and the Caribbean,2.7610000000000006
France,6.592,1.324,1.472,1.045,0.436,0.111,0.183,2019,FRA,Europe,Western Europe,2.021
Taiwan,6.446,1.368,1.43,0.914,0.351,0.242,0.097,2019,TWN,Asia,Eastern Asia,2.0439999999999987
Chile,6.444,1.159,1.369,0.92,0.357,0.187,0.056,2019,CHL,Americas,Latin America and the Caribbean,2.396000000000001
Guatemala,6.436,0.8,1.269,0.746,0.535,0.175,0.078,2019,GTM,Americas,Latin America and the Caribbean,2.833
Saudi Arabia,6.375,1.403,1.357,0.795,0.439,0.08,0.132,2019,SAU,Asia,Western Asia,2.1690000000000005
Qatar,6.374,1.684,1.313,0.871,0.555,0.22,0.167,2019,QAT,Asia,Western Asia,1.564
Spain,6.354,1.286,1.484,1.062,0.362,0.153,0.079,2019,ESP,Europe,Southern Europe,1.9280000000000008
Panama,6.321,1.149,1.442,0.91,0.516,0.109,0.054,2019,PAN,Americas,Latin America and the Caribbean,2.140999999999999
Brazil,6.3,1.004,1.439,0.802,0.39,0.099,0.086,2019,BRA,Americas,Latin America and the Caribbean,2.4799999999999995
Uruguay,6.293,1.124,1.465,0.891,0.523,0.127,0.15,2019,URY,Americas,Latin America and the Caribbean,2.013
Singapore,6.262,1.572,1.463,1.141,0.556,0.271,0.453,2019,SGP,Asia,South-eastern Asia,0.8059999999999992
El Salvador,6.253,0.794,1.242,0.789,0.43,0.093,0.074,2019,SLV,Americas,Latin America and the Caribbean,2.831
Italy,6.223,1.294,1.488,1.039,0.231,0.158,0.03,2019,ITA,Europe,Southern Europe,1.9829999999999997
Bahrain,6.199,1.362,1.368,0.871,0.536,0.255,0.11,2019,BHR,Asia,Western Asia,1.6969999999999992
Slovakia,6.198,1.246,1.504,0.881,0.334,0.121,0.014,2019,SVK,Europe,Eastern Europe,2.098
Trinidad & Tobago,6.192,1.231,1.477,0.713,0.489,0.185,0.016,2019,TTO,Americas,Latin America and the Caribbean,2.0810000000000004
Poland,6.182,1.206,1.438,0.884,0.483,0.117,0.05,2019,POL,Europe,Eastern Europe,2.0040000000000004
Uzbekistan,6.174,0.745,1.529,0.756,0.631,0.322,0.24,2019,UZB,Asia,Central Asia,1.9509999999999996
Lithuania,6.149,1.238,1.515,0.818,0.291,0.043,0.042,2019,LTU,Europe,Northern Europe,2.202
Colombia,6.125,0.985,1.41,0.841,0.47,0.099,0.034,2019,COL,Americas,Latin America and the Caribbean,2.2860000000000005
Slovenia,6.118,1.258,1.523,0.953,0.564,0.144,0.057,2019,SVN,Europe,Southern Europe,1.6190000000000007
Nicaragua,6.105,0.694,1.325,0.835,0.435,0.2,0.127,2019,NIC,Americas,Latin America and the Caribbean,2.489
Kosovo,6.1,0.882,1.232,0.758,0.489,0.262,0.006,2019,XKX,Europe,Southern Europe,2.471
Argentina,6.086,1.092,1.432,0.881,0.471,0.066,0.05,2019,ARG,Americas,Latin America and the Caribbean,2.0940000000000003
Romania,6.07,1.162,1.232,0.825,0.462,0.083,0.005,2019,ROU,Europe,Eastern Europe,2.3009999999999997
Cyprus,6.046,1.263,1.223,1.042,0.406,0.19,0.041,2019,CYP,Asia,Western Asia,1.8810000000000002
Ecuador,6.028,0.912,1.312,0.868,0.498,0.126,0.087,2019,ECU,Americas,Latin America and the Caribbean,2.2249999999999996
Kuwait,6.021,1.5,1.319,0.808,0.493,0.142,0.097,2019,KWT,Asia,Western Asia,1.661999999999999
Thailand,6.008,1.05,1.409,0.828,0.557,0.359,0.028,2019,THA,Asia,South-eastern Asia,1.777000000000001
Latvia,5.94,1.187,1.465,0.812,0.264,0.075,0.064,2019,LVA,Europe,Northern Europe,2.0729999999999995
South Korea,5.895,1.301,1.219,1.036,0.159,0.175,0.056,2019,KOR,Asia,Eastern Asia,1.9489999999999998
Estonia,5.893,1.237,1.528,0.874,0.495,0.103,0.161,2019,EST,Europe,Northern Europe,1.495
Jamaica,5.89,0.831,1.478,0.831,0.49,0.107,0.028,2019,JAM,Americas,Latin America and the Caribbean,2.1249999999999996
Mauritius,5.888,1.12,1.402,0.798,0.498,0.215,0.06,2019,MUS,Africa,Sub-Saharan Africa,1.795
Japan,5.886,1.327,1.419,1.088,0.445,0.069,0.14,2019,JPN,Asia,Eastern Asia,1.3980000000000006
Honduras,5.86,0.642,1.236,0.828,0.507,0.246,0.078,2019,HND,Americas,Latin America and the Caribbean,2.3230000000000004
Kazakhstan,5.809,1.173,1.508,0.729,0.41,0.146,0.096,2019,KAZ,Asia,Central Asia,1.7469999999999999
Bolivia,5.779,0.776,1.209,0.706,0.511,0.137,0.064,2019,BOL,Americas,Latin America and the Caribbean,2.376
Hungary,5.758,1.201,1.41,0.828,0.199,0.081,0.02,2019,HUN,Europe,Eastern Europe,2.0190000000000006
Paraguay,5.743,0.855,1.475,0.777,0.514,0.184,0.08,2019,PRY,Americas,Latin America and the Caribbean,1.8579999999999997
Northern Cyprus,5.718,1.263,1.252,1.042,0.417,0.191,0.162,2019,CYP,Asia,Western Asia,1.391000000000001
Peru,5.697,0.96,1.274,0.854,0.455,0.083,0.027,2019,PER,Americas,Latin America and the Caribbean,2.0439999999999996
Portugal,5.693,1.221,1.431,0.999,0.508,0.047,0.025,2019,PRT,Europe,Southern Europe,1.4619999999999989
Pakistan,5.653,0.677,0.886,0.535,0.313,0.22,0.098,2019,PAK,Asia,Southern Asia,2.923999999999999
Russia,5.648,1.183,1.452,0.726,0.334,0.082,0.031,2019,RUS,Europe,Eastern Europe,1.8399999999999999
Philippines,5.631,0.807,1.293,0.657,0.558,0.117,0.107,2019,PHL,Asia,South-eastern Asia,2.0919999999999996
Serbia,5.603,1.004,1.383,0.854,0.282,0.137,0.039,2019,SRB,Europe,Southern Europe,1.9039999999999995
Moldova,5.529,0.685,1.328,0.739,0.245,0.181,0.0,2019,MDA,Europe,Eastern Europe,2.351
Libya,5.525,1.044,1.303,0.673,0.416,0.133,0.152,2019,LBY,Africa,Northern Africa,1.8040000000000003
Montenegro,5.523,1.051,1.361,0.871,0.197,0.142,0.08,2019,MNE,Europe,Southern Europe,1.8209999999999997
Tajikistan,5.467,0.493,1.098,0.718,0.389,0.23,0.144,2019,TJK,Asia,Central Asia,2.394999999999999
Croatia,5.432,1.155,1.266,0.914,0.296,0.119,0.022,2019,HRV,Europe,Southern Europe,1.6600000000000006
Hong Kong,5.43,1.438,1.277,1.122,0.44,0.258,0.287,2019,HKG,Asia,Eastern Asia,0.6079999999999997
Dominican Republic,5.425,1.015,1.401,0.779,0.497,0.113,0.101,2019,DOM,Americas,Latin America and the Caribbean,1.5190000000000001
Bosnia and Herzegovina,5.386,0.945,1.212,0.845,0.212,0.263,0.006,2019,BIH,Europe,Southern Europe,1.9030000000000005
Turkey,5.373,1.183,1.36,0.808,0.195,0.083,0.106,2019,TUR,Asia,Western Asia,1.6380000000000003
Malaysia,5.339,1.221,1.171,0.828,0.508,0.26,0.024,2019,MYS,Asia,South-eastern Asia,1.327
Belarus,5.323,1.067,1.465,0.789,0.235,0.094,0.142,2019,BLR,Europe,Eastern Europe,1.5310000000000006
Greece,5.287,1.181,1.156,0.999,0.067,0.0,0.034,2019,GRC,Europe,Southern Europe,1.85
Mongolia,5.285,0.948,1.531,0.667,0.317,0.235,0.038,2019,MNG,Asia,Eastern Asia,1.5490000000000004
North Macedonia,5.274,0.983,1.294,0.838,0.345,0.185,0.034,2019,MKD,Europe,Southern Europe,1.5950000000000002
Nigeria,5.265,0.696,1.111,0.245,0.426,0.215,0.041,2019,NGA,Africa,Sub-Saharan Africa,2.5309999999999997
Kyrgyzstan,5.261,0.551,1.438,0.723,0.508,0.3,0.023,2019,KGZ,Asia,Central Asia,1.7180000000000004
Turkmenistan,5.247,1.052,1.538,0.657,0.394,0.244,0.028,2019,TKM,Asia,Central Asia,1.334
Algeria,5.211,1.002,1.16,0.785,0.086,0.073,0.114,2019,DZA,Africa,Northern Africa,1.9910000000000005
Morocco,5.208,0.801,0.782,0.782,0.418,0.036,0.076,2019,MAR,Africa,Northern Africa,2.3129999999999997
Azerbaijan,5.208,1.043,1.147,0.769,0.351,0.035,0.182,2019,AZE,Asia,Western Asia,1.681
Lebanon,5.197,0.987,1.224,0.815,0.216,0.166,0.027,2019,LBN,Asia,Western Asia,1.762
Indonesia,5.192,0.931,1.203,0.66,0.491,0.498,0.028,2019,IDN,Asia,South-eastern Asia,1.3809999999999998
China,5.191,1.029,1.125,0.893,0.521,0.058,0.1,2019,CHN,Asia,Eastern Asia,1.4650000000000003
Vietnam,5.175,0.741,1.346,0.851,0.543,0.147,0.073,2019,VNM,Asia,South-eastern Asia,1.4739999999999998
Bhutan,5.082,0.813,1.321,0.604,0.457,0.37,0.167,2019,BTN,Asia,Southern Asia,1.35
Cameroon,5.044,0.549,0.91,0.331,0.381,0.187,0.037,2019,CMR,Africa,Sub-Saharan Africa,2.6489999999999996
Bulgaria,5.011,1.092,1.513,0.815,0.311,0.081,0.004,2019,BGR,Europe,Eastern Europe,1.1950000000000003
Ghana,4.996,0.611,0.868,0.486,0.381,0.245,0.04,2019,GHA,Africa,Sub-Saharan Africa,2.365
Ivory Coast,4.944,0.569,0.808,0.232,0.352,0.154,0.09,2019,CIV,Africa,Sub-Saharan Africa,2.7390000000000003
Nepal,4.913,0.446,1.226,0.677,0.439,0.285,0.089,2019,NPL,Asia,Southern Asia,1.751
Jordan,4.906,0.837,1.225,0.815,0.383,0.11,0.13,2019,JOR,Asia,Western Asia,1.4059999999999997
Benin,4.883,0.393,0.437,0.397,0.349,0.175,0.082,2019,BEN,Africa,Sub-Saharan Africa,3.05
Congo (Brazzaville),4.812,0.673,0.799,0.508,0.372,0.105,0.093,2019,COG,Africa,Sub-Saharan Africa,2.2620000000000005
Gabon,4.799,1.057,1.183,0.571,0.295,0.043,0.055,2019,GAB,Africa,Sub-Saharan Africa,1.5950000000000002
Laos,4.796,0.764,1.03,0.551,0.547,0.266,0.164,2019,LAO,Asia,South-eastern Asia,1.4739999999999998
South Africa,4.722,0.96,1.351,0.469,0.389,0.13,0.055,2019,ZAF,Africa,Sub-Saharan Africa,1.3680000000000008
Albania,4.719,0.947,0.848,0.874,0.383,0.178,0.027,2019,ALB,Europe,Southern Europe,1.4620000000000002
Venezuela,4.707,0.96,1.427,0.805,0.154,0.064,0.047,2019,VEN,Americas,Latin America and the Caribbean,1.2499999999999996
Cambodia,4.7,0.574,1.122,0.637,0.609,0.232,0.062,2019,KHM,Asia,South-eastern Asia,1.464
Palestinian Territories,4.696,0.657,1.247,0.672,0.225,0.103,0.066,2019,PSE,Asia,Western Asia,1.7259999999999995
Senegal,4.681,0.45,1.134,0.571,0.292,0.153,0.072,2019,SEN,Africa,Sub-Saharan Africa,2.0090000000000003
Somalia,4.668,0.0,0.698,0.268,0.559,0.243,0.27,2019,SOM,Africa,Eastern Africa,2.6300000000000003
Namibia,4.639,0.879,1.313,0.477,0.401,0.07,0.056,2019,NAM,Africa,Sub-Saharan Africa,1.443
Niger,4.628,0.138,0.774,0.366,0.318,0.188,0.102,2019,NER,Africa,Sub-Saharan Africa,2.742
Burkina Faso,4.587,0.331,1.056,0.38,0.255,0.177,0.113,2019,BFA,Africa,Sub-Saharan Africa,2.275
Armenia,4.559,0.85,1.055,0.815,0.283,0.095,0.064,2019,ARM,Asia,Western Asia,1.3970000000000002
Iran,4.548,1.1,0.842,0.785,0.305,0.27,0.125,2019,IRN,Asia,Southern Asia,1.1209999999999996
Guinea,4.534,0.38,0.829,0.375,0.332,0.207,0.086,2019,GIN,Africa,Sub-Saharan Africa,2.3249999999999997
Georgia,4.519,0.886,0.666,0.752,0.346,0.043,0.164,2019,GEO,Asia,Western Asia,1.6619999999999995
Gambia,4.516,0.308,0.939,0.428,0.382,0.269,0.167,2019,GMB,Africa,Sub-Saharan Africa,2.023
Kenya,4.509,0.512,0.983,0.581,0.431,0.372,0.053,2019,KEN,Africa,Sub-Saharan Africa,1.5770000000000004
Mauritania,4.49,0.57,1.167,0.489,0.066,0.106,0.088,2019,MRT,Africa,Sub-Saharan Africa,2.0040000000000004
Mozambique,4.466,0.204,0.986,0.39,0.494,0.197,0.138,2019,MOZ,Africa,Sub-Saharan Africa,2.0570000000000004
Tunisia,4.461,0.921,1.0,0.815,0.167,0.059,0.055,2019,TUN,Africa,Northern Africa,1.4440000000000004
Bangladesh,4.456,0.562,0.928,0.723,0.527,0.166,0.143,2019,BGD,Asia,Southern Asia,1.4070000000000005
Iraq,4.437,1.043,0.98,0.574,0.241,0.148,0.089,2019,IRQ,Asia,Western Asia,1.3620000000000005
Congo (Kinshasa),4.418,0.094,1.125,0.357,0.269,0.212,0.053,2019,COD,Africa,Sub-Saharan Africa,2.308
Mali,4.39,0.385,1.105,0.308,0.327,0.153,0.052,2019,MLI,Africa,Sub-Saharan Africa,2.0599999999999996
Sierra Leone,4.374,0.268,0.841,0.242,0.309,0.252,0.045,2019,SLE,Africa,Sub-Saharan Africa,2.417
Sri Lanka,4.366,0.949,1.265,0.831,0.47,0.244,0.047,2019,LKA,Asia,Southern Asia,0.56
Myanmar,4.36,0.71,1.181,0.555,0.525,0.566,0.172,2019,MMR,Asia,South-eastern Asia,0.6510000000000002
Chad,4.35,0.35,0.766,0.192,0.174,0.198,0.078,2019,TCD,Africa,Sub-Saharan Africa,2.5919999999999996
Ukraine,4.332,0.82,1.39,0.739,0.178,0.187,0.01,2019,UKR,Europe,Eastern Europe,1.0080000000000005
Ethiopia,4.286,0.336,1.033,0.532,0.344,0.209,0.1,2019,ETH,Africa,Sub-Saharan Africa,1.7319999999999993
Swaziland,4.212,0.811,1.149,0.0,0.313,0.074,0.135,2019,SWZ,Africa,Sub-Saharan Africa,1.7299999999999995
Uganda,4.189,0.332,1.069,0.443,0.356,0.252,0.06,2019,UGA,Africa,Sub-Saharan Africa,1.677
Egypt,4.166,0.913,1.039,0.644,0.241,0.076,0.067,2019,EGY,Africa,Northern Africa,1.186
Zambia,4.107,0.578,1.058,0.426,0.431,0.247,0.087,2019,ZMB,Africa,Sub-Saharan Africa,1.2799999999999998
Togo,4.085,0.275,0.572,0.41,0.293,0.177,0.085,2019,TGO,Africa,Sub-Saharan Africa,2.273
India,4.015,0.755,0.765,0.588,0.498,0.2,0.085,2019,IND,Asia,Southern Asia,1.1239999999999997
Liberia,3.975,0.073,0.922,0.443,0.37,0.233,0.033,2019,LBR,Africa,Sub-Saharan Africa,1.9010000000000002
Comoros,3.973,0.274,0.757,0.505,0.142,0.275,0.078,2019,COM,Africa,Sub-Saharan Africa,1.9420000000000002
Madagascar,3.933,0.274,0.916,0.555,0.148,0.169,0.041,2019,MDG,Africa,Sub-Saharan Africa,1.83
Lesotho,3.802,0.489,1.169,0.168,0.359,0.107,0.093,2019,LSO,Africa,Sub-Saharan Africa,1.4170000000000003
Burundi,3.775,0.046,0.447,0.38,0.22,0.176,0.18,2019,BDI,Africa,Sub-Saharan Africa,2.326
Zimbabwe,3.663,0.366,1.114,0.433,0.361,0.151,0.089,2019,ZWE,Africa,Sub-Saharan Africa,1.149
Haiti,3.597,0.323,0.688,0.449,0.026,0.419,0.11,2019,HTI,Americas,Latin America and the Caribbean,1.5819999999999999
Botswana,3.488,1.041,1.145,0.538,0.455,0.025,0.1,2019,BWA,Africa,Sub-Saharan Africa,0.18399999999999972
Syria,3.462,0.619,0.378,0.44,0.013,0.331,0.141,2019,SYR,Asia,Western Asia,1.5400000000000003
Malawi,3.41,0.191,0.56,0.495,0.443,0.218,0.089,2019,MWI,Africa,Sub-Saharan Africa,1.4140000000000001
Yemen,3.38,0.287,1.163,0.463,0.143,0.108,0.077,2019,YEM,Asia,Western Asia,1.1389999999999998
Rwanda,3.334,0.359,0.711,0.614,0.555,0.217,0.411,2019,RWA,Africa,Sub-Saharan Africa,0.4670000000000001
Tanzania,3.231,0.476,0.885,0.499,0.417,0.276,0.147,2019,TZA,Africa,Sub-Saharan Africa,0.5310000000000001
Afghanistan,3.203,0.35,0.517,0.361,0.0,0.158,0.025,2019,AFG,Asia,Southern Asia,1.792
Central African Republic,3.083,0.026,0.0,0.105,0.225,0.235,0.035,2019,CAF,Africa,Sub-Saharan Africa,2.4570000000000003
South Sudan,2.853,0.306,0.575,0.295,0.01,0.202,0.091,2019,SSD,Africa,Sub-Saharan Africa,1.3740000000000003
Finland,7.808700085,1.285189509,1.499525905,0.961271405,0.66231674,0.159670442,0.477857262,2020,FIN,Europe,Northern Europe,2.7628688220000006
Denmark,7.645599842,1.326948524,1.503449202,0.979332566,0.665039897,0.242793396,0.495260328,2020,DNK,Europe,Northern Europe,2.432775929000001
Switzerland,7.559899807,1.39077425,1.472403407,1.040533185,0.62895447,0.269055754,0.407945901,2020,CHE,Europe,Western Europe,2.3502328400000003
Iceland,7.504499912,1.326501608,1.547567487,1.000843406,0.661980748,0.362330228,0.144540772,2020,ISL,Europe,Northern Europe,2.4607356629999995
Norway,7.487999916,1.42420733,1.495172501,1.008071899,0.670200884,0.287985086,0.434100568,2020,NOR,Europe,Northern Europe,2.1682616479999997
Netherlands,7.448900223,1.338946342,1.463645935,0.975675344,0.61362648,0.336317569,0.368569762,2020,NLD,Europe,Western Europe,2.3521187909999997
Sweden,7.353499889,1.322235227,1.433347702,0.986470461,0.650297701,0.272827893,0.442066371,2020,SWE,Europe,Northern Europe,2.246254534
New Zealand,7.299600124,1.242317915,1.48721838,1.008138299,0.646789908,0.325726211,0.461268276,2020,NZL,Oceania,Australia and New Zealand,2.128141135
Austria,7.294199944,1.317285538,1.437444925,1.000933528,0.603368878,0.255509764,0.281256139,2020,AUT,Europe,Western Europe,2.398401172
Luxembourg,7.237500191,1.536676049,1.387528419,0.986442685,0.610137045,0.19595392,0.367041469,2020,LUX,Europe,Western Europe,2.153720603999999
Canada,7.23210001,1.301647663,1.435391903,1.022501945,0.644028127,0.28152892,0.351701856,2020,CAN,Americas,Northern America,2.195299595999999
Australia,7.222799778,1.310396433,1.477146268,1.022607684,0.621877193,0.324973613,0.335996419,2020,AUS,Oceania,Australia and New Zealand,2.1298021680000003
United Kingdom,7.164500237,1.273061037,1.457844973,0.97570008,0.525168657,0.373433441,0.322601646,2020,GBR,Europe,Northern Europe,2.236690403
Israel,7.128600121,1.216463685,1.403256774,1.008052945,0.420699477,0.266861796,0.09989845,2020,ISR,Asia,Western Asia,2.7133669939999994
Costa Rica,7.121399879,0.981107712,1.374853611,0.939635336,0.645017743,0.131266311,0.096362092,2020,CRI,Americas,Latin America and the Caribbean,2.953157074000001
Ireland,7.093699932,1.446886778,1.470596433,0.975670695,0.587779939,0.295426995,0.373433262,2020,IRL,Europe,Northern Europe,1.9439058300000003
Germany,7.075799942,1.314184546,1.368543744,0.972114801,0.564274132,0.252037704,0.309362292,2020,DEU,Europe,Western Europe,2.2952827229999997
United States,6.939599991,1.37398684,1.404786706,0.831618011,0.534608245,0.298143059,0.152284741,2020,USA,Americas,Northern America,2.3441723889999997
Czech Republic,6.910900116,1.212322354,1.40528667,0.89456445,0.505744576,0.046325929,0.049803223,2020,CZE,Europe,Eastern Europe,2.7968529140000005
Belgium,6.863500118,1.295842767,1.398677588,0.964901149,0.499805421,0.146966159,0.208724052,2020,BEL,Europe,Western Europe,2.348582982
United Arab Emirates,6.790800095,1.431086421,1.251170993,0.787814438,0.652936101,0.28065598,0.220213518,2020,ARE,Asia,Western Asia,2.1669226439999996
Malta,6.772799969,1.252513289,1.442956924,0.972042024,0.633239031,0.341180831,0.178864077,2020,MLT,Europe,Southern Europe,1.9520037930000003
France,6.663799763,1.268129349,1.458839178,1.029714227,0.514050901,0.112607703,0.227303237,2020,FRA,Europe,Western Europe,2.053155168
Mexico,6.465000153,1.024387479,1.226333499,0.831601024,0.553892553,0.083094485,0.083133668,2020,MEX,Americas,Latin America and the Caribbean,2.6625574449999996
Taiwan Province of China,6.45539999,1.327470541,1.357760668,0.878437996,0.449404389,0.150598705,0.131516352,2020,TWN,Asia,Eastern Asia,2.160211338999999
Uruguay,6.440100193,1.071000457,1.425081134,0.856928885,0.59426707,0.132143691,0.193425074,2020,URY,Americas,Latin America and the Caribbean,2.167253882
Saudi Arabia,6.406499863,1.334328532,1.309950113,0.759818137,0.548477471,0.087440684,0.163322315,2020,SAU,Asia,Western Asia,2.2031626109999998
Spain,6.400899887,1.230535269,1.421099186,1.051343083,0.425983816,0.16530548,0.109579779,2020,ESP,Europe,Southern Europe,1.9970532740000007
Guatemala,6.398900032,0.753815711,1.174267054,0.705952585,0.613146722,0.170611665,0.0983603,2020,GTM,Americas,Latin America and the Caribbean,2.882745995
Italy,6.38740015,1.236396074,1.347296,1.022504926,0.321305573,0.170266211,0.040145598,2020,ITA,Europe,Southern Europe,2.2494857680000004
Singapore,6.377099991,1.519580126,1.39545691,1.137814283,0.635317206,0.218770906,0.533162236,2020,SGP,Asia,South-eastern Asia,0.9369983240000002
Brazil,6.375599861,0.952679873,1.363464117,0.766119063,0.483292729,0.131674588,0.106518604,2020,BRA,Americas,Latin America and the Caribbean,2.571850887
Slovenia,6.363399982,1.208652496,1.464677691,0.932548046,0.646700144,0.145701498,0.076516323,2020,SVN,Europe,Southern Europe,1.8886037839999998
El Salvador,6.34829998,0.748940408,1.149397612,0.752730012,0.524043918,0.1189363,0.117030352,2020,SLV,Americas,Latin America and the Caribbean,2.9372213780000003
Kosovo,6.325200081,0.840481341,1.183962822,0.672709167,0.557280421,0.325286865,0.008559024,2020,XKX,Europe,Southern Europe,2.7369204410000005
Panama,6.304800034,1.097667813,1.376149297,0.878546536,0.57984978,0.097207308,0.054230526,2020,PAN,Americas,Latin America and the Caribbean,2.2211487740000004
Slovakia,6.280600071,1.194837689,1.424331188,0.853465259,0.423542529,0.116729774,0.011291441,2020,SVK,Europe,Eastern Europe,2.2564021910000003
Uzbekistan,6.257599831,0.696652949,1.434020042,0.716703713,0.693270326,0.363311023,0.280260265,2020,UZB,Asia,Central Asia,2.073381513
Chile,6.228499889,1.096992493,1.323286891,0.889260828,0.417482227,0.155579001,0.06284935,2020,CHL,Americas,Latin America and the Caribbean,2.2830490990000007
Bahrain,6.227300167,1.296692252,1.31532371,0.838836372,0.610399902,0.287453711,0.126697257,2020,BHR,Asia,Western Asia,1.7518969629999992
Lithuania,6.215499878,1.193559647,1.432865739,0.795421183,0.42046079,0.053691041,0.081350274,2020,LTU,Europe,Northern Europe,2.238151204
Trinidad and Tobago,6.191899776,1.167641521,1.407326221,0.658828557,0.55293113,0.199358255,0.015078396,2020,TTO,Americas,Latin America and the Caribbean,2.190735695999999
Poland,6.186299801,1.16922915,1.310399771,0.868038476,0.557903528,0.063374244,0.160541251,2020,POL,Europe,Eastern Europe,2.0568133810000004
Colombia,6.163400173,0.93220371,1.33445096,0.810020149,0.526890039,0.092374094,0.04584837,2020,COL,Americas,Latin America and the Caribbean,2.421612851
Cyprus,6.15899992,1.21279943,1.149170756,1.026124597,0.459385872,0.227932334,0.051207144,2020,CYP,Asia,Western Asia,2.032379787000001
Nicaragua,6.13710022,0.620033145,1.27081275,0.803093255,0.560117304,0.212871477,0.174084574,2020,NIC,Americas,Latin America and the Caribbean,2.496087715
Romania,6.123700142,1.120401621,1.1944381,0.79229486,0.534852326,0.068181619,0.000829569,2020,ROU,Europe,Eastern Europe,2.412702046999999
Kuwait,6.102099895,1.424833655,1.244779825,0.776468933,0.570261419,0.132751092,0.112814933,2020,KWT,Asia,Western Asia,1.8401900380000002
Mauritius,6.101299763,1.07366395,1.395666838,0.763389409,0.590838134,0.186894551,0.084088229,2020,MUS,Africa,Sub-Saharan Africa,2.0067586520000003
Kazakhstan,6.057899952,1.122594237,1.453267694,0.698788941,0.497432142,0.153713793,0.110463686,2020,KAZ,Asia,Central Asia,2.0216394589999993
Estonia,6.021800041,1.192441225,1.453232527,0.842615008,0.576664805,0.125136748,0.201766819,2020,EST,Europe,Northern Europe,1.6299429089999995
Philippines,6.006000042,0.775120676,1.245381713,0.602189481,0.621915162,0.129260212,0.130385727,2020,PHL,Asia,South-eastern Asia,2.501747071
Hungary,6.000400066,1.164307117,1.423009396,0.806793869,0.386401802,0.070491239,0.027548173,2020,HUN,Europe,Eastern Europe,2.12184847
Thailand,5.998799801,1.007029295,1.347519517,0.793855846,0.609449804,0.376709014,0.031837862,2020,THA,Asia,South-eastern Asia,1.8323984629999996
Argentina,5.974699974,1.028465629,1.372543693,0.849773705,0.520840347,0.070100471,0.060415059,2020,ARG,Americas,Latin America and the Caribbean,2.07256107
Honduras,5.953199863,0.598763585,1.186664104,0.791989982,0.568148077,0.256528199,0.086807102,2020,HND,Americas,Latin America and the Caribbean,2.464298814
Latvia,5.949999809,1.14139545,1.414398789,0.777902424,0.329198807,0.075407945,0.090391524,2020,LVA,Europe,Northern Europe,2.1213048700000003
Ecuador,5.925199986,0.853383601,1.221027613,0.838837743,0.555234551,0.115006477,0.086753383,2020,ECU,Americas,Latin America and the Caribbean,2.254956618
Portugal,5.910900116,1.168800831,1.339530349,0.979315281,0.589895189,0.053036947,0.027733466,2020,PRT,Europe,Southern Europe,1.7525880530000002
Jamaica,5.889800072,0.779058397,1.408289194,0.788434088,0.553124607,0.116268493,0.030147785,2020,JAM,Americas,Latin America and the Caribbean,2.214477508
South Korea,5.872399807,1.245300651,1.133560538,1.022542596,0.25935635,0.170303866,0.094596282,2020,KOR,Asia,Eastern Asia,1.9467395239999998
Japan,5.870800018,1.26672411,1.332338691,1.072881341,0.495465875,0.03571178,0.181439638,2020,JPN,Asia,Eastern Asia,1.4862385830000004
Peru,5.796800137,0.91854918,1.208405972,0.824444175,0.513210058,0.091611817,0.02703266,2020,PER,Americas,Latin America and the Caribbean,2.213546275
Serbia,5.77820015,0.988181829,1.327448964,0.828403294,0.395428419,0.15028289,0.059447147,2020,SRB,Europe,Southern Europe,2.0290076069999996
Bolivia,5.747499943,0.730976343,1.142350554,0.662445664,0.5744645,0.138375074,0.072942637,2020,BOL,Americas,Latin America and the Caribbean,2.4259451710000004
Pakistan,5.69329977,0.616799474,0.872979581,0.469933242,0.405421734,0.228705063,0.122592121,2020,PAK,Asia,Southern Asia,2.9768685550000002
Paraguay,5.692100048,0.897990823,1.36819756,0.735869646,0.586510062,0.204299241,0.065077379,2020,PRY,Americas,Latin America and the Caribbean,1.8341553369999999
Dominican Republic,5.689199924,0.983191848,1.328888893,0.741901696,0.5628739,0.112196781,0.115945682,2020,DOM,Americas,Latin America and the Caribbean,1.844201124
Bosnia and Herzegovina,5.674099922,0.91839546,1.203986526,0.813928187,0.305365741,0.264005244,0.001172487,2020,BIH,Europe,Southern Europe,2.167246277
Moldova,5.607500076,0.707916796,1.237312198,0.713299453,0.389571488,0.174049184,0.014378744,2020,MDA,Europe,Eastern Europe,2.3709722130000004
Tajikistan,5.555699825,0.474874616,1.218377709,0.680594802,0.521141171,0.182417125,0.221779913,2020,TJK,Asia,Central Asia,2.2565144889999997
Montenegro,5.54610014,1.010150075,1.265657902,0.839028895,0.303223848,0.14901033,0.098435111,2020,MNE,Europe,Southern Europe,1.8805939789999995
Russia,5.546000004,1.126999617,1.378644109,0.68044591,0.399499595,0.099041916,0.045699362,2020,RUS,Europe,Eastern Europe,1.8156694949999999
Kyrgyzstan,5.541500092,0.513180971,1.341036677,0.680645883,0.614617765,0.30137074,0.030466691,2020,KGZ,Asia,Central Asia,2.0601813649999996
Belarus,5.539899826,1.018854499,1.38713932,0.75258857,0.290755868,0.08993306,0.193607435,2020,BLR,Europe,Eastern Europe,1.8070210740000001
North Cyprus,5.53550005,1.21279943,1.183089137,1.026124597,0.477885723,0.199160054,0.199802905,2020,CYP,Asia,Western Asia,1.2366382039999992
Greece,5.514999866,1.128070116,1.168973565,0.979431748,0.173516348,0.0,0.048844352,2020,GRC,Europe,Southern Europe,2.016163737
Hong Kong S.A.R. of China,5.510399818,1.376746058,1.243584275,1.136630654,0.459356517,0.288280904,0.332485437,2020,HKG,Asia,Eastern Asia,0.6733159730000002
Croatia,5.504700184,1.109024286,1.311264873,0.900575578,0.381456882,0.113998979,0.012325006,2020,HRV,Europe,Southern Europe,1.6760545799999997
Libya,5.488800049,1.021913767,1.196283698,0.615626633,0.451354057,0.142757699,0.172258079,2020,LBY,Africa,Northern Africa,1.8886061159999996
Mongolia,5.456200123,0.904872775,1.458930612,0.615788162,0.355703115,0.263885736,0.046533126,2020,MNG,Asia,Eastern Asia,1.8104865970000006
Malaysia,5.384300232,1.168421626,1.17400229,0.788511872,0.596941531,0.274886161,0.062163133,2020,MYS,Asia,South-eastern Asia,1.3193736189999994
Vietnam,5.353499889,0.718092382,1.253074765,0.819133997,0.650835574,0.136488721,0.089848459,2020,VNM,Asia,South-eastern Asia,1.6860259909999997
Indonesia,5.285600185,0.891720712,1.154800892,0.610437036,0.568161428,0.542646527,0.038278613,2020,IDN,Asia,South-eastern Asia,1.4795549769999998
Ivory Coast,5.233300209,0.537094414,0.799727261,0.154942513,0.397122532,0.169915587,0.093495794,2020,CIV,Africa,Sub-Saharan Africa,3.0810021080000003
Benin,5.21600008,0.366244704,0.352428436,0.328062952,0.40583989,0.196670428,0.125931874,2020,BEN,Africa,Sub-Saharan Africa,3.440821796
Maldives,5.197599888,0.937864304,1.402287602,0.914439559,0.548203647,0.224198252,0.071906492,2020,MDV,Asia,Southern Asia,1.098700032
Congo (Brazzaville),5.194399834,0.633616745,0.757636011,0.458101124,0.386514395,0.117216013,0.118670784,2020,COG,Africa,Sub-Saharan Africa,2.7226447620000003
Azerbaijan,5.164800167,0.990272701,1.180613041,0.731134057,0.467734724,0.040113214,0.247307181,2020,AZE,Asia,Western Asia,1.5076252490000006
Macedonia,5.159800053,0.935371995,1.183173537,0.802994132,0.410224587,0.18586354,0.024595059,2020,MKD,Europe,Southern Europe,1.6175772029999993
Ghana,5.147999763,0.575862467,0.96636796,0.432162255,0.477290064,0.261291206,0.056570381,2020,GHA,Africa,Sub-Saharan Africa,2.37845543
Nepal,5.137199879,0.444050372,1.100789309,0.66887939,0.480608255,0.300971806,0.127502963,2020,NPL,Asia,Southern Asia,2.014397784
Turkey,5.131800175,1.127169251,1.197159171,0.781335294,0.25440076,0.085885569,0.120983243,2020,TUR,Asia,Western Asia,1.5648668870000004
China,5.123899937,0.990533412,1.132080674,0.867248535,0.601605117,0.079021044,0.117255554,2020,CHN,Asia,Eastern Asia,1.3361556009999997
Turkmenistan,5.119100094,1.008963585,1.510476947,0.612448037,0.515236676,0.323129326,0.03350389,2020,TKM,Asia,Central Asia,1.1153416329999999
Bulgaria,5.101500034,1.046554685,1.460578918,0.777776897,0.417820066,0.103833713,0.0,2020,BGR,Europe,Eastern Europe,1.294935755
Morocco,5.094799995,0.75862211,0.645208478,0.745096922,0.450054139,0.040032551,0.077385604,2020,MAR,Africa,Northern Africa,2.378400191
Cameroon,5.084899902,0.503958046,0.89972645,0.270189553,0.439242482,0.198020101,0.054393422,2020,CMR,Africa,Sub-Saharan Africa,2.7193698480000004
Venezuela,5.053199768,0.770238638,1.348546863,0.76702553,0.271717221,0.087179154,0.063624777,2020,VEN,Americas,Latin America and the Caribbean,1.7448675849999997
Algeria,5.005099773,0.943856001,1.143003583,0.745418549,0.083943799,0.118915014,0.129190654,2020,DZA,Africa,Northern Africa,1.8407721730000004
Senegal,4.980800152,0.504061818,0.95459342,0.518391907,0.352400899,0.164397135,0.081865937,2020,SEN,Africa,Sub-Saharan Africa,2.4050890359999997
Guinea,4.949299812,0.390007734,0.75136596,0.333655238,0.371878058,0.249490842,0.112204559,2020,GIN,Africa,Sub-Saharan Africa,2.7406974209999997
Niger,4.909599781,0.108330332,0.703800142,0.298816353,0.435311615,0.208176896,0.137554765,2020,NER,Africa,Sub-Saharan Africa,3.017609678
Laos,4.888599873,0.714693844,0.987391889,0.486378282,0.612027287,0.27266711,0.194273964,2020,LAO,Asia,South-eastern Asia,1.621167497
Albania,4.882699966,0.906653047,0.830483913,0.846329629,0.461945891,0.171027765,0.025361285,2020,ALB,Europe,Southern Europe,1.640898436
Cambodia,4.848400116,0.544634938,1.071426034,0.587904334,0.674940348,0.233342081,0.072837502,2020,KHM,Asia,South-eastern Asia,1.663314879
Bangladesh,4.832799911,0.556156278,0.868800581,0.694940507,0.604130566,0.176745117,0.176735908,2020,BGD,Asia,Southern Asia,1.7552909540000003
Gabon,4.829299927,0.988044381,1.10639751,0.522574842,0.369459897,0.052013602,0.055804539,2020,GAB,Africa,Sub-Saharan Africa,1.7350051559999997
South Africa,4.814099789,0.902140439,1.259086251,0.407034069,0.43478182,0.126406848,0.05950214,2020,ZAF,Africa,Sub-Saharan Africa,1.6251482220000004
Iraq,4.784800053,0.982018709,1.011466622,0.529350698,0.283588052,0.153002068,0.073164992,2020,IRQ,Asia,Western Asia,1.7522089119999995
Lebanon,4.771500111,0.889232516,1.19249332,0.788671136,0.18551667,0.158524141,0.021518147,2020,LBN,Asia,Western Asia,1.5355441809999997
Burkina Faso,4.768700123,0.302467644,0.9293859,0.312833875,0.322398156,0.186390609,0.126408055,2020,BFA,Africa,Sub-Saharan Africa,2.588815884
Gambia,4.750599861,0.256990552,0.882678688,0.353247881,0.403419524,0.425989687,0.158093795,2020,GMB,Africa,Sub-Saharan Africa,2.2701797340000005
Mali,4.729300022,0.352462649,0.97314173,0.234981522,0.377534449,0.16966705,0.062146276,2020,MLI,Africa,Sub-Saharan Africa,2.559366346
Nigeria,4.724100113,0.645901859,0.986717939,0.167835936,0.435079455,0.221328124,0.047589935,2020,NGA,Africa,Sub-Saharan Africa,2.219646865000001
Armenia,4.676799774,0.808262408,1.034576893,0.77585727,0.378075808,0.107225738,0.104618184,2020,ARM,Asia,Western Asia,1.4681834729999999
Georgia,4.672599792,0.847198069,0.7311939,0.694657624,0.485494107,0.047609735,0.174088076,2020,GEO,Asia,Western Asia,1.6923582809999997
Iran,4.672399998,1.029322505,0.886271179,0.749053836,0.301195472,0.27697894,0.142651513,2020,IRN,Asia,Southern Asia,1.2869265530000003
Jordan,4.633399963,0.785179198,1.140118599,0.777624726,0.424855083,0.091494769,0.151878625,2020,JOR,Asia,Western Asia,1.2622489629999993
Mozambique,4.623600006,0.178741366,0.955202878,0.324223638,0.56077534,0.220422104,0.163064316,2020,MOZ,Africa,Sub-Saharan Africa,2.2211703640000007
Kenya,4.583000183,0.476413399,0.905077755,0.536312759,0.519180536,0.393902093,0.067201078,2020,KEN,Africa,Sub-Saharan Africa,1.6849125630000006
Namibia,4.571100235,0.84008199,1.245738149,0.40687117,0.444598973,0.076454483,0.054320343,2020,NAM,Africa,Sub-Saharan Africa,1.503035127
Ukraine,4.56069994,0.780434608,1.321316481,0.698674381,0.319423705,0.178551316,0.00965116,2020,UKR,Europe,Eastern Europe,1.2526482889999997
Liberia,4.557899952,0.174103007,0.920733929,0.392284274,0.405943096,0.226967871,0.051139876,2020,LBR,Africa,Sub-Saharan Africa,2.386727899
Palestinian Territories,4.552800179,0.587819219,1.194755554,0.613826573,0.29870075,0.091816261,0.071913652,2020,PSE,Asia,Western Asia,1.6939681699999998
Uganda,4.43200016,0.312337428,1.052327394,0.378311664,0.401682556,0.264807373,0.063818842,2020,UGA,Africa,Sub-Saharan Africa,1.9587149030000006
Chad,4.422699928,0.302287489,0.739118278,0.1087441,0.228601769,0.210805088,0.085755408,2020,TCD,Africa,Sub-Saharan Africa,2.747387796
Tunisia,4.392199993,0.874742687,0.872167706,0.781156719,0.235860556,0.055881143,0.043899573,2020,TUN,Africa,Northern Africa,1.528491609
Mauritania,4.374599934,0.539684892,1.113323569,0.425184816,0.185714483,0.128899664,0.122257635,2020,MRT,Africa,Sub-Saharan Africa,1.8595348749999996
Sri Lanka,4.327000141,0.897986948,1.19494009,0.792036712,0.528632462,0.252666146,0.049444564,2020,LKA,Asia,Southern Asia,0.6112932190000002
Congo (Kinshasa),4.31099987,0.062487468,0.833055019,0.277212054,0.36462298,0.254324883,0.081466645,2020,COD,Africa,Sub-Saharan Africa,2.437830821
Swaziland,4.308100224,0.827539742,1.064835191,0.215585828,0.299935788,0.067264833,0.146765873,2020,SWZ,Africa,Sub-Saharan Africa,1.6861729690000002
Myanmar,4.308000088,0.67809093,1.098178267,0.495443076,0.597478867,0.569813728,0.187530354,2020,MMR,Asia,South-eastern Asia,0.6814648660000002
Comoros,4.288599968,0.415620774,0.723232806,0.437383324,0.181028232,0.258538276,0.100048535,2020,COM,Africa,Sub-Saharan Africa,2.172748021
Togo,4.187200069,0.268116266,0.547622859,0.342731178,0.303539038,0.200774252,0.114826456,2020,TGO,Africa,Sub-Saharan Africa,2.4095900200000004
Ethiopia,4.186200142,0.315125644,1.001103282,0.483846247,0.41256687,0.227698103,0.117437035,2020,ETH,Africa,Sub-Saharan Africa,1.628422961
Madagascar,4.165599823,0.244553208,0.823694348,0.500617027,0.192967549,0.191190064,0.076248638,2020,MDG,Africa,Sub-Saharan Africa,2.1363289890000003
Egypt,4.151400089,0.875228941,0.982539535,0.596911311,0.373684734,0.068801254,0.095461793,2020,EGY,Africa,Northern Africa,1.158772521
Sierra Leone,3.926399946,0.240560383,0.747984946,0.203953966,0.382027686,0.257647008,0.047940936,2020,SLE,Africa,Sub-Saharan Africa,2.046285021
Burundi,3.775300026,0.0,0.403575271,0.295212835,0.275399059,0.187401786,0.212186828,2020,BDI,Africa,Sub-Saharan Africa,2.4015242470000002
Zambia,3.759399891,0.536833763,0.896037281,0.36359334,0.49131754,0.250620902,0.086705238,2020,ZMB,Africa,Sub-Saharan Africa,1.1342918270000002
Haiti,3.720799923,0.284734428,0.646671355,0.37436673,0.169297516,0.463909656,0.161935672,2020,HTI,Americas,Latin America and the Caribbean,1.619884566
Lesotho,3.652800083,0.45493874,1.088940024,0.100934811,0.409367532,0.102627642,0.050483823,2020,LSO,Africa,Sub-Saharan Africa,1.4455075110000002
India,3.573299885,0.730576158,0.644198656,0.54057014,0.581142247,0.237072483,0.105587982,2020,IND,Asia,Southern Asia,0.7341522190000003
Malawi,3.538000107,0.176534727,0.53036809,0.446163297,0.487389833,0.213185057,0.131633952,2020,MWI,Africa,Sub-Saharan Africa,1.5527251509999997
Yemen,3.527400017,0.392701775,1.177477121,0.41500017,0.243721485,0.094689012,0.087352127,2020,YEM,Asia,Western Asia,1.1164583270000006
Botswana,3.478899956,0.997548997,1.08569479,0.494101733,0.50908941,0.033407487,0.101786368,2020,BWA,Africa,Sub-Saharan Africa,0.2572711710000002
Tanzania,3.476200104,0.457163125,0.872674644,0.442677855,0.509343088,0.27154091,0.203880861,2020,TZA,Africa,Sub-Saharan Africa,0.718919621
Central African Republic,3.475899935,0.041072082,0.0,0.0,0.292814463,0.253513217,0.028264718,2020,CAF,Africa,Sub-Saharan Africa,2.860235455
Rwanda,3.312299967,0.343242675,0.522876322,0.572383285,0.604087889,0.235704988,0.485542476,2020,RWA,Africa,Sub-Saharan Africa,0.5484623319999997
Zimbabwe,3.299200058,0.425564021,1.047835231,0.375037611,0.37740472,0.151349187,0.080928579,2020,ZWE,Africa,Sub-Saharan Africa,0.8410807089999994
South Sudan,2.816600084,0.289082974,0.553278506,0.208809033,0.065609254,0.209934607,0.111156799,2020,SSD,Africa,Sub-Saharan Africa,1.3787289110000003
Afghanistan,2.566900015,0.30070585,0.356433839,0.266051531,0.0,0.135234714,0.001225785,2020,AFG,Asia,Southern Asia,1.507248296
Finland,7.842,1.446,1.106,0.741,0.691,0.124,0.481,2021,FIN,Europe,Northern Europe,3.253
Denmark,7.62,1.502,1.108,0.763,0.686,0.208,0.485,2021,DNK,Europe,Northern Europe,2.8679999999999994
Switzerland,7.571,1.566,1.079,0.816,0.653,0.204,0.413,2021,CHE,Europe,Western Europe,2.84
Iceland,7.554,1.482,1.172,0.772,0.698,0.293,0.17,2021,ISL,Europe,Northern Europe,2.9669999999999996
Netherlands,7.464,1.501,1.079,0.753,0.647,0.302,0.384,2021,NLD,Europe,Western Europe,2.798
Norway,7.392,1.543,1.108,0.782,0.703,0.249,0.427,2021,NOR,Europe,Northern Europe,2.580000000000001
Sweden,7.363,1.478,1.062,0.763,0.685,0.244,0.448,2021,SWE,Europe,Northern Europe,2.683
Luxembourg,7.324,1.751,1.003,0.76,0.639,0.166,0.353,2021,LUX,Europe,Western Europe,2.652
New Zealand,7.277,1.4,1.094,0.785,0.665,0.276,0.445,2021,NZL,Oceania,Australia and New Zealand,2.612
Austria,7.268,1.492,1.062,0.782,0.64,0.215,0.292,2021,AUT,Europe,Western Europe,2.7849999999999993
Australia,7.183,1.453,1.076,0.801,0.647,0.291,0.317,2021,AUS,Oceania,Australia and New Zealand,2.597999999999999
Israel,7.157,1.376,1.074,0.788,0.509,0.208,0.119,2021,ISR,Asia,Western Asia,3.0829999999999993
Germany,7.155,1.48,0.993,0.757,0.6,0.195,0.306,2021,DEU,Europe,Western Europe,2.824
Canada,7.103,1.447,1.044,0.798,0.648,0.246,0.335,2021,CAN,Americas,Northern America,2.585
Ireland,7.085,1.644,1.092,0.753,0.606,0.238,0.367,2021,IRL,Europe,Northern Europe,2.385
Costa Rica,7.069,1.134,0.966,0.722,0.673,0.105,0.083,2021,CRI,Americas,Latin America and the Caribbean,3.386
United Kingdom,7.064,1.423,1.062,0.757,0.58,0.34,0.306,2021,GBR,Europe,Northern Europe,2.595999999999999
Czech Republic,6.965,1.37,1.09,0.703,0.58,0.052,0.046,2021,CZE,Europe,Eastern Europe,3.124
United States,6.951,1.533,1.03,0.621,0.554,0.252,0.154,2021,USA,Americas,Northern America,2.8070000000000004
Belgium,6.834,1.463,0.998,0.747,0.489,0.088,0.187,2021,BEL,Europe,Western Europe,2.8619999999999997
France,6.69,1.421,1.081,0.804,0.536,0.092,0.235,2021,FRA,Europe,Western Europe,2.521
Bahrain,6.647,1.409,0.899,0.662,0.661,0.246,0.139,2021,BHR,Asia,Western Asia,2.6310000000000002
Malta,6.602,1.411,1.055,0.747,0.664,0.275,0.183,2021,MLT,Europe,Southern Europe,2.2670000000000003
Taiwan Province of China,6.584,1.48,0.982,0.665,0.49,0.142,0.139,2021,TWN,Asia,Eastern Asia,2.686
United Arab Emirates,6.561,1.555,0.86,0.594,0.67,0.236,0.223,2021,ARE,Asia,Western Asia,2.423
Saudi Arabia,6.494,1.435,0.964,0.571,0.603,0.09,0.163,2021,SAU,Asia,Western Asia,2.6680000000000006
Spain,6.491,1.375,1.057,0.826,0.462,0.135,0.124,2021,ESP,Europe,Southern Europe,2.511999999999999
Italy,6.483,1.393,0.94,0.798,0.379,0.133,0.047,2021,ITA,Europe,Southern Europe,2.7929999999999993
Slovenia,6.461,1.36,1.093,0.722,0.69,0.122,0.085,2021,SVN,Europe,Southern Europe,2.3890000000000002
Guatemala,6.435,0.845,0.79,0.519,0.638,0.163,0.105,2021,GTM,Americas,Latin America and the Caribbean,3.375
Uruguay,6.431,1.164,1.042,0.649,0.625,0.128,0.223,2021,URY,Americas,Latin America and the Caribbean,2.6
Singapore,6.377,1.695,1.019,0.897,0.664,0.176,0.547,2021,SGP,Asia,South-eastern Asia,1.3790000000000004
Kosovo,6.372,0.937,0.807,0.483,0.593,0.356,0.014,2021,XKX,Europe,Southern Europe,3.182
Slovakia,6.331,1.304,1.066,0.653,0.468,0.107,0.018,2021,SVK,Europe,Eastern Europe,2.7150000000000003
Brazil,6.33,1.028,0.944,0.571,0.514,0.142,0.117,2021,BRA,Americas,Latin America and the Caribbean,3.014
Mexico,6.317,1.126,0.83,0.634,0.585,0.092,0.089,2021,MEX,Americas,Latin America and the Caribbean,2.9610000000000003
Jamaica,6.309,0.891,0.932,0.599,0.618,0.099,0.035,2021,JAM,Americas,Latin America and the Caribbean,3.1350000000000002
Lithuania,6.255,1.35,1.065,0.612,0.476,0.056,0.073,2021,LTU,Europe,Northern Europe,2.6229999999999998
Cyprus,6.223,1.377,0.765,0.801,0.464,0.178,0.061,2021,CYP,Asia,Western Asia,2.577
Estonia,6.189,1.344,1.079,0.64,0.641,0.119,0.263,2021,EST,Europe,Northern Europe,2.1029999999999998
Panama,6.18,1.298,0.976,0.667,0.596,0.079,0.053,2021,PAN,Americas,Latin America and the Caribbean,2.5109999999999997
Uzbekistan,6.179,0.769,1.027,0.528,0.716,0.391,0.271,2021,UZB,Asia,Central Asia,2.4770000000000003
Chile,6.172,1.2,0.946,0.678,0.438,0.159,0.07,2021,CHL,Americas,Latin America and the Caribbean,2.681
Poland,6.166,1.309,0.982,0.668,0.558,0.08,0.13,2021,POL,Europe,Eastern Europe,2.439
Kazakhstan,6.152,1.23,1.103,0.527,0.573,0.143,0.132,2021,KAZ,Asia,Central Asia,2.444
Romania,6.14,1.275,0.832,0.595,0.564,0.045,0.001,2021,ROU,Europe,Eastern Europe,2.828
Kuwait,6.106,1.461,0.857,0.58,0.591,0.12,0.13,2021,KWT,Asia,Western Asia,2.367
Serbia,6.078,1.101,0.924,0.634,0.482,0.189,0.066,2021,SRB,Europe,Southern Europe,2.6820000000000004
El Salvador,6.061,0.845,0.675,0.565,0.615,0.116,0.16,2021,SLV,Americas,Latin America and the Caribbean,3.0849999999999995
Mauritius,6.049,1.178,0.996,0.574,0.59,0.153,0.096,2021,MUS,Africa,Sub-Saharan Africa,2.4620000000000006
Latvia,6.032,1.285,1.047,0.587,0.405,0.082,0.089,2021,LVA,Europe,Northern Europe,2.5370000000000004
Colombia,6.012,1.021,0.866,0.615,0.554,0.1,0.063,2021,COL,Americas,Latin America and the Caribbean,2.7929999999999993
Hungary,5.992,1.301,1.083,0.615,0.454,0.067,0.04,2021,HUN,Europe,Eastern Europe,2.432
Thailand,5.985,1.107,0.957,0.596,0.611,0.375,0.028,2021,THA,Asia,South-eastern Asia,2.3110000000000004
Nicaragua,5.972,0.693,0.904,0.604,0.553,0.201,0.176,2021,NIC,Americas,Latin America and the Caribbean,2.841
Japan,5.94,1.389,0.949,0.838,0.504,0.02,0.192,2021,JPN,Asia,Eastern Asia,2.048
Argentina,5.929,1.162,0.98,0.646,0.544,0.069,0.067,2021,ARG,Americas,Latin America and the Caribbean,2.4610000000000003
Portugal,5.929,1.323,0.939,0.76,0.621,0.029,0.033,2021,PRT,Europe,Southern Europe,2.224
Honduras,5.919,0.703,0.787,0.593,0.578,0.241,0.083,2021,HND,Americas,Latin America and the Caribbean,2.9339999999999993
Croatia,5.882,1.251,1.039,0.703,0.453,0.111,0.0,2021,HRV,Europe,Southern Europe,2.3249999999999997
Philippines,5.88,0.853,0.828,0.426,0.651,0.125,0.126,2021,PHL,Asia,South-eastern Asia,2.871
South Korea,5.845,1.403,0.758,0.801,0.353,0.134,0.135,2021,KOR,Asia,Eastern Asia,2.2609999999999992
Peru,5.84,0.986,0.833,0.623,0.536,0.087,0.031,2021,PER,Americas,Latin America and the Caribbean,2.7439999999999993
Bosnia and Herzegovina,5.813,1.032,0.919,0.618,0.395,0.261,0.005,2021,BIH,Europe,Southern Europe,2.5829999999999997
Moldova,5.766,0.985,0.888,0.542,0.536,0.137,0.013,2021,MDA,Europe,Eastern Europe,2.665
Ecuador,5.764,0.935,0.806,0.64,0.56,0.107,0.062,2021,ECU,Americas,Latin America and the Caribbean,2.654
Kyrgyzstan,5.744,0.665,0.971,0.501,0.673,0.266,0.02,2021,KGZ,Asia,Central Asia,2.6479999999999997
Greece,5.723,1.273,0.811,0.76,0.243,0.0,0.074,2021,GRC,Europe,Southern Europe,2.562
Bolivia,5.716,0.842,0.782,0.486,0.6,0.138,0.064,2021,BOL,Americas,Latin America and the Caribbean,2.804
Mongolia,5.677,0.966,1.065,0.442,0.397,0.263,0.053,2021,MNG,Asia,Eastern Asia,2.4909999999999997
Paraguay,5.653,0.983,0.97,0.549,0.602,0.206,0.037,2021,PRY,Americas,Latin America and the Caribbean,2.306
Montenegro,5.581,1.155,0.891,0.637,0.397,0.166,0.081,2021,MNE,Europe,Southern Europe,2.2540000000000004
Dominican Republic,5.545,1.106,0.879,0.555,0.581,0.101,0.144,2021,DOM,Americas,Latin America and the Caribbean,2.179
North Cyprus,5.536,1.377,0.806,0.801,0.503,0.196,0.2,2021,CYP,Asia,Western Asia,1.6529999999999991
Belarus,5.534,1.124,1.007,0.56,0.326,0.07,0.199,2021,BLR,Europe,Eastern Europe,2.2479999999999998
Russia,5.477,1.241,0.992,0.511,0.409,0.115,0.06,2021,RUS,Europe,Eastern Europe,2.149
Hong Kong S.A.R. of China,5.477,1.525,0.841,0.893,0.408,0.232,0.342,2021,HKG,Asia,Eastern Asia,1.2360000000000007
Tajikistan,5.466,0.508,0.895,0.498,0.548,0.152,0.247,2021,TJK,Asia,Central Asia,2.6180000000000003
Vietnam,5.411,0.817,0.873,0.616,0.679,0.124,0.091,2021,VNM,Asia,South-eastern Asia,2.210999999999999
Libya,5.41,1.044,0.821,0.435,0.474,0.131,0.174,2021,LBY,Africa,Northern Africa,2.331
Malaysia,5.384,1.259,0.797,0.587,0.624,0.27,0.064,2021,MYS,Asia,South-eastern Asia,1.7830000000000004
Indonesia,5.345,0.954,0.786,0.433,0.598,0.541,0.046,2021,IDN,Asia,South-eastern Asia,1.987
Congo (Brazzaville),5.342,0.518,0.392,0.307,0.381,0.144,0.124,2021,COG,Africa,Sub-Saharan Africa,3.4759999999999995
China,5.339,1.061,0.785,0.665,0.636,0.093,0.117,2021,CHN,Asia,Eastern Asia,1.9820000000000002
Ivory Coast,5.306,0.669,0.409,0.052,0.438,0.177,0.092,2021,CIV,Africa,Sub-Saharan Africa,3.469
Armenia,5.283,0.996,0.758,0.585,0.54,0.079,0.198,2021,ARM,Asia,Western Asia,2.1270000000000002
Nepal,5.269,0.519,0.702,0.496,0.488,0.287,0.135,2021,NPL,Asia,Southern Asia,2.6420000000000003
Bulgaria,5.266,1.181,1.055,0.583,0.494,0.125,0.005,2021,BGR,Europe,Eastern Europe,1.8230000000000004
Maldives,5.198,1.115,1.015,0.697,0.575,0.204,0.073,2021,MDV,Asia,Southern Asia,1.5190000000000001
Azerbaijan,5.171,1.025,0.841,0.541,0.526,0.043,0.276,2021,AZE,Asia,Western Asia,1.9190000000000005
Cameroon,5.142,0.543,0.556,0.159,0.425,0.205,0.058,2021,CMR,Africa,Sub-Saharan Africa,3.1959999999999997
Senegal,5.132,0.518,0.558,0.357,0.381,0.158,0.088,2021,SEN,Africa,Sub-Saharan Africa,3.0719999999999996
Albania,5.117,1.008,0.529,0.646,0.491,0.168,0.024,2021,ALB,Europe,Southern Europe,2.251
North Macedonia,5.101,1.068,0.772,0.535,0.45,0.212,0.022,2021,MKD,Europe,Southern Europe,2.042
Ghana,5.088,0.68,0.595,0.287,0.517,0.268,0.058,2021,GHA,Africa,Sub-Saharan Africa,2.6830000000000007
Niger,5.074,0.162,0.402,0.167,0.516,0.2,0.157,2021,NER,Africa,Sub-Saharan Africa,3.4699999999999998
Turkmenistan,5.066,1.046,1.172,0.439,0.602,0.366,0.033,2021,TKM,Asia,Central Asia,1.408
Gambia,5.051,0.367,0.511,0.21,0.384,0.465,0.123,2021,GMB,Africa,Sub-Saharan Africa,2.991
Benin,5.045,0.507,0.058,0.196,0.457,0.166,0.178,2021,BEN,Africa,Sub-Saharan Africa,3.4829999999999997
Laos,5.03,0.808,0.598,0.33,0.643,0.268,0.179,2021,LAO,Asia,South-eastern Asia,2.204
Bangladesh,5.025,0.635,0.52,0.514,0.603,0.161,0.164,2021,BGD,Asia,Southern Asia,2.428
Guinea,4.984,0.42,0.399,0.206,0.384,0.25,0.111,2021,GIN,Africa,Sub-Saharan Africa,3.2140000000000004
South Africa,4.956,0.967,0.895,0.265,0.447,0.144,0.051,2021,ZAF,Africa,Sub-Saharan Africa,2.187
Turkey,4.948,1.26,0.809,0.59,0.236,0.097,0.104,2021,TUR,Asia,Western Asia,1.8520000000000008
Pakistan,4.934,0.637,0.423,0.322,0.418,0.252,0.097,2021,PAK,Asia,Southern Asia,2.785
Morocco,4.918,0.792,0.219,0.558,0.477,0.034,0.088,2021,MAR,Africa,Northern Africa,2.75
Venezuela,4.892,0.852,0.897,0.574,0.284,0.078,0.072,2021,VEN,Americas,Latin America and the Caribbean,2.1350000000000007
Georgia,4.891,1.03,0.47,0.498,0.488,0.032,0.181,2021,GEO,Asia,Western Asia,2.192
Algeria,4.887,0.946,0.765,0.552,0.119,0.144,0.12,2021,DZA,Africa,Northern Africa,2.2409999999999997
Ukraine,4.875,0.979,0.958,0.517,0.417,0.181,0.01,2021,UKR,Europe,Eastern Europe,1.8130000000000006
Iraq,4.854,0.91,0.638,0.381,0.302,0.153,0.041,2021,IRQ,Asia,Western Asia,2.4290000000000003
Gabon,4.852,1.037,0.707,0.362,0.424,0.058,0.064,2021,GAB,Africa,Sub-Saharan Africa,2.2000000000000006
Burkina Faso,4.834,0.364,0.472,0.179,0.381,0.182,0.122,2021,BFA,Africa,Sub-Saharan Africa,3.134
Cambodia,4.83,0.603,0.68,0.426,0.702,0.21,0.061,2021,KHM,Asia,South-eastern Asia,2.1480000000000006
Mozambique,4.794,0.183,0.634,0.196,0.608,0.228,0.163,2021,MOZ,Africa,Sub-Saharan Africa,2.7819999999999996
Nigeria,4.759,0.663,0.625,0.051,0.433,0.212,0.039,2021,NGA,Africa,Sub-Saharan Africa,2.736
Mali,4.723,0.387,0.59,0.11,0.384,0.164,0.072,2021,MLI,Africa,Sub-Saharan Africa,3.016
Iran,4.721,1.03,0.557,0.561,0.275,0.33,0.144,2021,IRN,Asia,Southern Asia,1.8239999999999998
Uganda,4.636,0.364,0.718,0.24,0.398,0.267,0.054,2021,UGA,Africa,Sub-Saharan Africa,2.5950000000000006
Liberia,4.625,0.228,0.58,0.253,0.43,0.221,0.057,2021,LBR,Africa,Sub-Saharan Africa,2.856
Kenya,4.607,0.603,0.508,0.385,0.483,0.375,0.073,2021,KEN,Africa,Sub-Saharan Africa,2.18
Tunisia,4.596,0.919,0.515,0.59,0.334,0.057,0.044,2021,TUN,Africa,Northern Africa,2.137
Lebanon,4.584,1.045,0.868,0.595,0.175,0.14,0.026,2021,LBN,Asia,Western Asia,1.7349999999999999
Namibia,4.574,0.882,0.801,0.262,0.411,0.091,0.059,2021,NAM,Africa,Sub-Saharan Africa,2.0679999999999996
Palestinian Territories,4.517,0.646,0.819,0.434,0.33,0.082,0.075,2021,PSE,Asia,Western Asia,2.1310000000000007
Myanmar,4.426,0.666,0.713,0.341,0.601,0.52,0.178,2021,MMR,Asia,South-eastern Asia,1.4070000000000005
Jordan,4.395,0.89,0.685,0.583,0.455,0.079,0.15,2021,JOR,Asia,Western Asia,1.552999999999999
Chad,4.355,0.255,0.353,0.0,0.24,0.215,0.084,2021,TCD,Africa,Sub-Saharan Africa,3.208
Sri Lanka,4.325,0.99,0.82,0.593,0.559,0.239,0.049,2021,LKA,Asia,Southern Asia,1.0750000000000002
Swaziland,4.308,0.849,0.693,0.074,0.323,0.067,0.147,2021,SWZ,Africa,Sub-Saharan Africa,2.1550000000000002
Comoros,4.289,0.488,0.367,0.279,0.202,0.241,0.101,2021,COM,Africa,Sub-Saharan Africa,2.6109999999999998
Egypt,4.283,0.954,0.647,0.426,0.446,0.069,0.092,2021,EGY,Africa,Northern Africa,1.649
Ethiopia,4.275,0.37,0.679,0.331,0.451,0.241,0.114,2021,ETH,Africa,Sub-Saharan Africa,2.0890000000000004
Mauritania,4.227,0.666,0.749,0.273,0.218,0.119,0.133,2021,MRT,Africa,Sub-Saharan Africa,2.069
Madagascar,4.208,0.266,0.503,0.341,0.207,0.185,0.087,2021,MDG,Africa,Sub-Saharan Africa,2.6189999999999998
Togo,4.107,0.254,0.239,0.203,0.289,0.209,0.107,2021,TGO,Africa,Sub-Saharan Africa,2.806
Zambia,4.073,0.528,0.552,0.231,0.487,0.227,0.074,2021,ZMB,Africa,Sub-Saharan Africa,1.9740000000000006
Sierra Leone,3.849,0.279,0.377,0.1,0.408,0.243,0.047,2021,SLE,Africa,Sub-Saharan Africa,2.3950000000000005
India,3.819,0.741,0.316,0.383,0.622,0.246,0.106,2021,IND,Asia,Southern Asia,1.4050000000000002
Burundi,3.775,0.0,0.062,0.155,0.298,0.172,0.212,2021,BDI,Africa,Sub-Saharan Africa,2.876
Yemen,3.658,0.329,0.831,0.272,0.268,0.092,0.089,2021,YEM,Asia,Western Asia,1.777
Tanzania,3.623,0.433,0.54,0.3,0.549,0.307,0.231,2021,TZA,Africa,Sub-Saharan Africa,1.2630000000000003
Haiti,3.615,0.294,0.173,0.227,0.257,0.463,0.139,2021,HTI,Americas,Latin America and the Caribbean,2.0620000000000003
Malawi,3.6,0.113,0.168,0.298,0.484,0.213,0.134,2021,MWI,Africa,Sub-Saharan Africa,2.19
Lesotho,3.512,0.451,0.731,0.007,0.405,0.103,0.015,2021,LSO,Africa,Sub-Saharan Africa,1.8000000000000003
Botswana,3.467,1.099,0.724,0.34,0.539,0.027,0.088,2021,BWA,Africa,Sub-Saharan Africa,0.6499999999999999
Rwanda,3.415,0.364,0.202,0.407,0.627,0.227,0.493,2021,RWA,Africa,Sub-Saharan Africa,1.0949999999999998
Zimbabwe,3.145,0.457,0.649,0.243,0.359,0.157,0.075,2021,ZWE,Africa,Sub-Saharan Africa,1.2049999999999998
Afghanistan,2.523,0.37,0.0,0.126,0.0,0.122,0.01,2021,AFG,Asia,Southern Asia,1.895
Finland,7.821000099182129,1.8916280269622805,1.258108377456665,0.775206446647644,0.7355902194976807,0.1087330505251884,0.5336580872535706,2022,FIN,Europe,Northern Europe,2.5180758908391
Denmark,7.636199951171875,1.952594876289368,1.2426812648773191,0.7766435146331787,0.7189184427261353,0.1876257061958313,0.5320789217948914,2022,DNK,Europe,Northern Europe,2.2256572246551514
Iceland,7.557499885559082,1.9357264041900637,1.3199135065078735,0.802621603012085,0.7181944847106934,0.2696161270141601,0.191204234957695,2022,ISL,Europe,Northern Europe,2.3202235251665115
Switzerland,7.511600017547607,2.0259697437286377,1.2260738611221311,0.8220476508140564,0.6769469380378723,0.1468217074871063,0.4610044062137604,2022,CHE,Europe,Western Europe,2.152735710144043
Netherlands,7.414899826049805,1.944577932357788,1.205848217010498,0.7867376208305359,0.650681734085083,0.2710764706134796,0.4190830886363983,2022,NLD,Europe,Western Europe,2.1368947625160217
Luxembourg,7.403999805450439,2.209395408630371,1.1545246839523315,0.7903646230697632,0.6997277736663818,0.1202028840780258,0.3881199657917022,2022,LUX,Europe,Western Europe,2.041664466261863
Sweden,7.384300231933594,1.9202585220336916,1.20404314994812,0.8026081919670105,0.7237046957015991,0.2179296463727951,0.5122383832931519,2022,SWE,Europe,Northern Europe,2.0035176426172256
Norway,7.365099906921387,1.9971911907196045,1.239048719406128,0.7860307097434998,0.7276478409767151,0.2166402488946914,0.4739991426467895,2022,NOR,Europe,Northern Europe,1.9245420545339584
Israel,7.363800048828125,1.8259295225143437,1.2209957838058472,0.8176369667053223,0.5676404237747192,0.1548376381397247,0.1426141560077667,2022,ISR,Asia,Western Asia,2.6341455578804016
New Zealand,7.19980001449585,1.8520405292510984,1.2346335649490356,0.7521170377731323,0.6797534227371216,0.2446611374616623,0.4830028116703033,2022,NZL,Oceania,Australia and New Zealand,1.9535915106534958
Austria,7.163000106811523,1.9313225746154783,1.1652566194534302,0.7737501859664917,0.6227887272834778,0.1932794749736786,0.3291270434856415,2022,AUT,Europe,Western Europe,2.147475481033325
Australia,7.162099838256836,1.899888515472412,1.203384280204773,0.7723036408424377,0.6764959692955017,0.2576091587543487,0.3410457968711853,2022,AUS,Oceania,Australia and New Zealand,2.0113724768161774
Ireland,7.040800094604492,2.1290323734283447,1.1656070947647097,0.7788048386573792,0.6267539262771606,0.1896840333938598,0.4076792299747467,2022,IRL,Europe,Northern Europe,1.7432385981082916
Germany,7.03410005569458,1.9237384796142576,1.0875364542007446,0.7759007811546326,0.5851035714149475,0.1625509113073349,0.3576056063175201,2022,DEU,Europe,Western Europe,2.1416642516851425
Canada,7.025100231170654,1.8864532709121704,1.18776273727417,0.7831433415412903,0.658886194229126,0.2169653922319412,0.3682062327861786,2022,CAN,Americas,Northern America,1.923683062195778
United States,6.976799964904785,1.9823453426361084,1.1816372871398926,0.6281335353851318,0.5742728114128113,0.2200416177511215,0.1767122149467468,2022,USA,Americas,Northern America,2.2136571556329727
United Kingdom,6.942500114440918,1.8671802282333372,1.1430999040603638,0.7499578595161438,0.5965437293052673,0.2890751957893371,0.3291866481304168,2022,GBR,Europe,Northern Europe,1.9674565494060516
Czechia,6.9197998046875,1.8150155544281008,1.2600810527801514,0.7150060534477234,0.6603860259056091,0.1584600359201431,0.0482070073485374,2022,CZE,Europe,Eastern Europe,2.262644074857235
Belgium,6.804999828338623,1.9072577953338623,1.1061527729034424,0.7636563181877136,0.4919430017471313,0.0493561327457428,0.2035411447286605,2022,BEL,Europe,Western Europe,2.28309266269207
France,6.686699867248535,1.862690567970276,1.2186006307601929,0.8076454401016235,0.5671940445899963,0.0698990821838378,0.2656324803829193,2022,FRA,Europe,Western Europe,1.8950376212596893
Bahrain,6.646900177001953,1.8539786338806152,1.0289300680160522,0.6248905062675476,0.6929103136062622,0.1992599964141845,0.1545918583869934,2022,BHR,Asia,Western Asia,2.092338800430298
Slovenia,6.630099773406982,1.80962073802948,1.2490571737289429,0.7694127559661865,0.6845259666442871,0.1178140193223953,0.1147523671388626,2022,SVN,Europe,Southern Europe,1.884916752576828
Costa Rica,6.581999778747559,1.5842736959457395,1.054443597793579,0.7442119717597961,0.6613852977752686,0.0889740139245987,0.1024052947759628,2022,CRI,Americas,Latin America and the Caribbean,2.3463059067726135
United Arab Emirates,6.576000213623047,1.998103141784668,0.9795715808868408,0.6327618956565857,0.7020320296287537,0.2037053108215332,0.2504412233829498,2022,ARE,Asia,Western Asia,1.8093850314617157
Saudi Arabia,6.522799968719482,1.869549036026001,1.09208345413208,0.5768461227416992,0.6507883667945862,0.0784182623028755,0.1803727895021438,2022,SAU,Asia,Western Asia,2.0747419372200966
Taiwan Province of China,6.512499809265137,1.8968870639801023,1.0952037572860718,0.7326737642288208,0.5422512888908386,0.0750326290726661,0.1682404279708862,2022,TWN,Asia,Eastern Asia,2.0022108778357506
Singapore,6.480199813842773,2.148613929748535,1.127399444580078,0.8508744239807129,0.6715790629386902,0.1626960039138794,0.5868280529975891,2022,SGP,Asia,South-eastern Asia,0.9322088956832886
Romania,6.477000236511231,1.7188928127288818,1.0061519145965576,0.6554091572761536,0.6052556037902832,0.0392720475792884,0.0061435084789991,2022,ROU,Europe,Eastern Europe,2.4458751920610675
Spain,6.47629976272583,1.8080835342407229,1.211014986038208,0.8083633184432983,0.5049465894699097,0.101461537182331,0.1490138918161392,2022,ESP,Europe,Southern Europe,1.893415905535221
Uruguay,6.473599910736084,1.6145362854003906,1.1796176433563232,0.6720983982086182,0.6649817228317261,0.1026144102215766,0.2652441263198852,2022,URY,Americas,Latin America and the Caribbean,1.974507324397564
Italy,6.466700077056885,1.834216833114624,1.0517305135726929,0.8011638522148132,0.4124963581562042,0.0853471308946609,0.0592584982514381,2022,ITA,Europe,Southern Europe,2.2224868908524513
Kosovo,6.455100059509277,1.3621175289154053,0.9493407011032104,0.5694798827171326,0.5988550186157227,0.3091844320297241,0.035009104758501,2022,XKX,Europe,Southern Europe,2.6311133913695812
Malta,6.446899890899658,1.8382794857025144,1.168923258781433,0.7889099717140198,0.6791720986366272,0.1742989420890808,0.1658427417278289,2022,MLT,Europe,Southern Europe,1.6314733922481537
Lithuania,6.4456000328063965,1.803929567337036,1.203661322593689,0.6592584848403931,0.4956596195697784,0.0532419793307781,0.0769382119178772,2022,LTU,Europe,Northern Europe,2.1529108472168446
Slovakia,6.390699863433838,1.736467957496643,1.231731653213501,0.7073143124580383,0.4786492884159088,0.117824986577034,0.0245377719402313,2022,SVK,Europe,Eastern Europe,2.0941738933324814
Estonia,6.340799808502197,1.7934857606887815,1.2323181629180908,0.7275119423866272,0.68930983543396,0.1229318976402282,0.332884669303894,2022,EST,Europe,Northern Europe,1.4423575401306152
Panama,6.309100151062012,1.7148849964141846,1.1065844297409058,0.709470808506012,0.5923488140106201,0.0488565564155578,0.0512900277972221,2022,PAN,Americas,Latin America and the Caribbean,2.0856645181775093
Brazil,6.292799949645996,1.4618858098983765,1.0441974401474,0.6145867109298706,0.5463461875915527,0.1310411244630813,0.1342778652906417,2022,BRA,Americas,Latin America and the Caribbean,2.3604648113250732
Guatemala,6.262199878692627,1.2736423015594482,0.8310883045196533,0.5221021771430969,0.6621544361114502,0.1122329458594322,0.1147893443703651,2022,GTM,Americas,Latin America and the Caribbean,2.746190369129181
Kazakhstan,6.234099864959717,1.6679818630218506,1.2201673984527588,0.6112638115882874,0.5835369825363159,0.1337936967611313,0.1571413874626159,2022,KAZ,Asia,Central Asia,1.860214725136757
Cyprus,6.220900058746338,1.8150652647018437,0.90931499004364,0.8191651701927185,0.4481463432312011,0.1233266219496727,0.0617797039449214,2022,CYP,Asia,Western Asia,2.0441019646823406
Latvia,6.180399894714356,1.731594204902649,1.220850944519043,0.6374402046203613,0.5020811557769775,0.0752844214439392,0.0904914364218711,2022,LVA,Europe,Northern Europe,1.9226575270295152
Serbia,6.177999973297119,1.5497493743896484,1.085569143295288,0.6583009362220764,0.5458604693412781,0.2186394184827804,0.088397316634655,2022,SRB,Europe,Southern Europe,2.0314833149313927
Chile,6.171800136566162,1.651358127593994,1.079747200012207,0.7484585046768188,0.4600219428539276,0.1236724182963371,0.0685937702655792,2022,CHL,Americas,Latin America and the Caribbean,2.039948172867298
Nicaragua,6.164599895477295,1.104727864265442,1.029070258140564,0.6165152192115784,0.6167458891868591,0.167807787656784,0.2118580937385559,2022,NIC,Americas,Latin America and the Caribbean,2.4178747832775116
Mexico,6.127600193023682,1.5515265464782717,0.8856733441352844,0.6230612993240356,0.6213710308074951,0.0918761864304542,0.1152277290821075,2022,MEX,Americas,Latin America and the Caribbean,2.238864056766033
Croatia,6.125199794769287,1.7053600549697876,1.1832774877548218,0.7087388634681702,0.5346104502677917,0.1091454401612281,0.0,2022,HRV,Europe,Southern Europe,1.8840674981474876
Poland,6.122799873352051,1.757504105567932,1.1735914945602417,0.7116442322731018,0.5229921340942383,0.1241771504282951,0.1401177197694778,2022,POL,Europe,Eastern Europe,1.6927730366587639
El Salvador,6.119999885559082,1.2648930549621582,0.7678723931312561,0.6068511605262756,0.6659149527549744,0.0886755809187889,0.2118375748395919,2022,SLV,Americas,Latin America and the Caribbean,2.513955168426037
Kuwait,6.106100082397461,1.903865098953247,0.9832875728607178,0.7470964789390564,0.6173350811004639,0.0869541987776756,0.1466420590877533,2022,KWT,Asia,Western Asia,1.620919592678547
Hungary,6.085899829864502,1.747837781906128,1.2325856685638428,0.6676573753356934,0.48464435338974,0.0776904374361038,0.0638839751482009,2022,HUN,Europe,Eastern Europe,1.811600238084793
Mauritius,6.071100234985352,1.5911095142364502,1.1163902282714844,0.5675454139709473,0.5894469022750854,0.1308534890413284,0.1069611832499504,2022,MUS,Africa,Sub-Saharan Africa,1.9687935039401054
Uzbekistan,6.062699794769287,1.2191461324691772,1.091555953025818,0.5997484922409058,0.7156714200973511,0.2831294536590576,0.2404218465089798,2022,UZB,Asia,Central Asia,1.9130264967679977
Japan,6.038899898529053,1.8345048427581787,1.0893537998199463,0.8660697937011719,0.5365419387817383,0.0071665430441498,0.2181957960128784,2022,JPN,Asia,Eastern Asia,1.4870671844109893
Honduras,6.02209997177124,1.1112792491912842,0.8850036859512329,0.5545865297317505,0.5821523070335388,0.2019959390163421,0.0764882862567901,2022,HND,Americas,Latin America and the Caribbean,2.6105939745903015
Portugal,6.016300201416016,1.759892225265503,1.078463077545166,0.7766397595405579,0.6546880602836609,0.0163303520530462,0.0391657724976539,2022,PRT,Europe,Southern Europe,1.6911209542304277
Argentina,5.9670000076293945,1.5916556119918823,1.101975917816162,0.6619763970375061,0.5553756952285767,0.0805148184299469,0.0849260315299034,2022,ARG,Americas,Latin America and the Caribbean,1.890575535595417
Greece,5.948200225830078,1.7030614614486694,0.980382800102234,0.773688793182373,0.2491647452116012,0.014922902919352,0.1083365604281425,2022,GRC,Europe,Southern Europe,2.118642962537706
South Korea,5.935100078582764,1.8510887622833248,0.8857672810554504,0.8414944410324097,0.4138626456260681,0.111005038022995,0.1760652810335159,2022,KOR,Asia,Eastern Asia,1.6558166295289993
Philippines,5.903600215911865,1.2676912546157837,0.9119067192077636,0.5139776468276978,0.6784930229187012,0.1072913482785224,0.1416739821434021,2022,PHL,Asia,South-eastern Asia,2.2825662419199944
Thailand,5.891200065612793,1.5350263118743896,1.0955945253372192,0.6968042850494385,0.6166512966156006,0.3209993243217468,0.0260370820760726,2022,THA,Asia,South-eastern Asia,1.6000872403383255
Moldova,5.856800079345703,1.4173669815063477,1.0084724426269531,0.596850574016571,0.5612049102783203,0.1023062691092491,0.0284885745495557,2022,MDA,Europe,Eastern Europe,2.142110327258706
Jamaica,5.849599838256836,1.2958128452301023,1.0448073148727417,0.6461374759674072,0.5668863654136658,0.0796772912144661,0.0526792518794536,2022,JAM,Americas,Latin America and the Caribbean,2.163599293678999
Kyrgyzstan,5.828499794006348,1.0685728788375854,1.109461784362793,0.6379151344299316,0.6930596232414246,0.2081545740365982,0.0247791018337011,2022,KGZ,Asia,Central Asia,2.0865566972643137
Belarus,5.821499824523926,1.5619453191757202,1.15654194355011,0.6288302540779114,0.3418358862400055,0.0395503975450992,0.2820110619068146,2022,BLR,Europe,Eastern Europe,1.810784962028265
Colombia,5.780600070953369,1.451734185218811,0.9286164045333862,0.720436155796051,0.5450152158737183,0.0871150940656662,0.0767243728041648,2022,COL,Americas,Latin America and the Caribbean,1.9709586426615715
Bosnia and Herzegovina,5.76800012588501,1.4682552814483645,1.0680179595947266,0.6648434996604919,0.4481370151042938,0.2439352571964264,0.0055048023350536,2022,BIH,Europe,Southern Europe,1.869306310545653
Mongolia,5.760700225830078,1.3929768800735474,1.1974509954452517,0.4672314524650574,0.3978268206119537,0.2471412122249603,0.0592393577098846,2022,MNG,Asia,Eastern Asia,1.9988335072994232
Dominican Republic,5.737199783325195,1.5375359058380127,1.002897024154663,0.5767497420310974,0.606073796749115,0.0840449705719947,0.1786682456731796,2022,DOM,Americas,Latin America and the Caribbean,1.7512300983071327
Malaysia,5.711299896240234,1.68926203250885,0.9376586079597472,0.6198279857635498,0.6542719006538391,0.2131580561399459,0.1256491988897323,2022,MYS,Asia,South-eastern Asia,1.4714721143245697
Bolivia,5.600299835205078,1.2558046579360962,0.8798621296882629,0.5552874207496643,0.6268607378005981,0.1116298735141754,0.064180664718151,2022,BOL,Americas,Latin America and the Caribbean,2.10667435079813
China,5.585299968719482,1.5084460973739624,0.9583731293678284,0.7045094966888428,0.656482458114624,0.0992905125021934,0.1422563195228576,2022,CHN,Asia,Eastern Asia,1.5159419551491737
Paraguay,5.5782999992370605,1.4085841178894043,1.1302772760391235,0.6244637966156006,0.6288774609565735,0.1712423712015152,0.0593643449246883,2022,PRY,Americas,Latin America and the Caribbean,1.555490631610155
Peru,5.559100151062012,1.3974946737289429,0.8646109104156494,0.7348531484603882,0.5452592372894287,0.0895951017737388,0.0369969941675663,2022,PER,Americas,Latin America and the Caribbean,1.8902900852262974
Montenegro,5.546800136566162,1.5733555555343628,1.0233640670776367,0.6590551137924194,0.460230141878128,0.1347978413105011,0.0770100206136703,2022,MNE,Europe,Southern Europe,1.6189873963594437
Ecuador,5.533299922943115,1.3516987562179563,0.87916100025177,0.708149254322052,0.5647234916687012,0.0803212076425552,0.0831145420670509,2022,ECU,Americas,Latin America and the Caribbean,1.8661316707730293
Vietnam,5.485000133514404,1.2522993087768557,0.9315484166145324,0.6108152866363525,0.7069714069366455,0.1429642289876938,0.1053376868367195,2022,VNM,Asia,South-eastern Asia,1.735063798725605
Turkmenistan,5.474299907684326,1.4843127727508545,1.3189550638198853,0.5163330435752869,0.6489843726158142,0.3142988681793213,0.031604629009962,2022,TKM,Asia,Central Asia,1.159811157733202
North Cyprus,5.466599941253662,1.8150652647018437,0.8880544304847717,0.8191651701927185,0.5226932764053345,0.1302663087844848,0.2130328565835952,2022,CYP,Asia,Western Asia,1.078322634100914
Russia,5.458600044250488,1.6847054958343506,1.0951956510543823,0.5862349271774292,0.4014016687870025,0.1172282844781875,0.0798202380537986,2022,RUS,Europe,Eastern Europe,1.4940137788653374
Hong Kong S.A.R. of China,5.424799919128418,1.957329511642456,0.9542672038078308,0.9418286681175232,0.4003404676914215,0.1467223614454269,0.3827511966228485,2022,HKG,Asia,Eastern Asia,0.641560509800911
Armenia,5.398600101470947,1.4341225624084473,0.8199043869972229,0.6681329011917114,0.5576069951057434,0.0544901303946971,0.2099013030529022,2022,ARM,Asia,Western Asia,1.6544418223202229
Tajikistan,5.377099990844727,0.9664257168769836,1.0051751136779783,0.517663836479187,0.571535587310791,0.1175773963332176,0.3039129674434662,2022,TJK,Asia,Central Asia,1.8948093727231026
Nepal,5.376500129699707,0.9844930171966552,0.7837649583816528,0.4992280006408691,0.5185115337371826,0.2367559224367141,0.1298040598630905,2022,NPL,Asia,Southern Asia,2.2239426374435425
Bulgaria,5.3709001541137695,1.6249457597732544,1.1628960371017456,0.6403149962425232,0.562840461730957,0.1232745125889778,0.0212211403995752,2022,BGR,Europe,Eastern Europe,1.2354072462767363
Libya,5.3302001953125,1.475775957107544,0.94259375333786,0.6057538390159607,0.4765428602695465,0.1059591025114059,0.1794342100620269,2022,LBY,Africa,Northern Africa,1.5441404730081558
Indonesia,5.23960018157959,1.3819719552993774,0.882904052734375,0.5392173528671265,0.6202617883682251,0.4679258465766907,0.0472941920161247,2022,IDN,Asia,South-eastern Asia,1.3000249937176704
Ivory Coast,5.234600067138672,1.094041109085083,0.4424029290676117,0.3223756849765777,0.4510815739631653,0.1489081233739853,0.123703196644783,2022,CIV,Africa,Sub-Saharan Africa,2.652087450027466
North Macedonia,5.198999881744385,1.5046250820159912,0.8626294136047363,0.6373797059059143,0.48750039935112,0.2151232212781906,0.0310017652809619,2022,MKD,Europe,Southern Europe,1.4607402943074703
Albania,5.198800086975098,1.4385340213775637,0.6457356810569763,0.7189506888389587,0.5109162330627441,0.1383862644433975,0.0283806268125772,2022,ALB,Europe,Southern Europe,1.7178965713828802
South Africa,5.193900108337402,1.424950122833252,1.0882340669631958,0.3612483143806457,0.4421205520629883,0.0888658091425895,0.0460397340357303,2022,ZAF,Africa,Sub-Saharan Africa,1.7424415089190006
Azerbaijan,5.173399925231934,1.4579789638519287,1.093034744262695,0.5596011877059937,0.6008951663970947,0.0234291162341833,0.3406610190868377,2022,AZE,Asia,Western Asia,1.0977997276932001
Gambia,5.163599967956543,0.7848303318023682,0.6205543279647827,0.3692214488983154,0.3673870265483856,0.3880315721035003,0.1025319993495941,2022,GMB,Africa,Sub-Saharan Africa,2.5310432612895966
Bangladesh,5.1554999351501465,1.0602563619613647,0.6137131452560425,0.5806912779808044,0.6222731471061707,0.1249363422393798,0.1867043673992157,2022,BGD,Asia,Southern Asia,1.9669252932071686
Laos,5.1402997970581055,1.2387919425964355,0.6542576551437378,0.4786238670349121,0.6790623068809509,0.1965337842702865,0.1839979887008667,2022,LAO,Asia,South-eastern Asia,1.7090322524309158
Algeria,5.122300148010254,1.362782001495361,0.9696173667907716,0.6431504487991333,0.1459854394197464,0.106462612748146,0.1498463749885559,2022,DZA,Africa,Northern Africa,1.7444559037685394
Liberia,5.121500015258789,0.6356145143508911,0.6700066924095154,0.3086460828781128,0.4053776860237121,0.1778694987297058,0.0795585140585899,2022,LBR,Africa,Sub-Saharan Africa,2.844427026808262
Ukraine,5.084099769592285,1.4112961292266846,1.0805567502975464,0.5832998156547546,0.4730083048343658,0.1883544027805328,0.016815461218357,2022,UKR,Europe,Eastern Europe,1.3307689055800438
Congo,5.075200080871582,0.950382649898529,0.4051604866981506,0.3552222549915313,0.4308602213859558,0.1300433874130249,0.145643875002861,2022,COG,Africa,Sub-Saharan Africa,2.6578872054815292
Morocco,5.059899806976318,1.2079977989196775,0.2677810788154602,0.5653759241104126,0.4923076629638672,0.0201665144413709,0.1017072424292564,2022,MAR,Africa,Northern Africa,2.4045635852962732
Mozambique,5.048299789428711,0.5782877802848816,0.6596840023994446,0.1910804808139801,0.5929921865463257,0.1851261854171753,0.199687048792839,2022,MOZ,Africa,Sub-Saharan Africa,2.6414421051740646
Cameroon,5.047599792480469,0.9680230617523192,0.6716996431350708,0.3166263699531555,0.3971286118030548,0.1517823934555053,0.0735725611448288,2022,CMR,Africa,Sub-Saharan Africa,2.468767151236534
Senegal,5.04610013961792,0.9327192902565002,0.5297720432281494,0.4471515417098999,0.4936968088150024,0.1434032171964645,0.0806675404310226,2022,SEN,Africa,Sub-Saharan Africa,2.4186896979808807
Niger,5.003499984741211,0.5698729753494263,0.5600710511207581,0.3259533047676086,0.5713254809379578,0.1646284908056259,0.1448130756616592,2022,NER,Africa,Sub-Saharan Africa,2.666835606098175
Georgia,4.973199844360352,1.4672424793243408,0.6117153763771057,0.5948413014411926,0.5079331398010254,0.0,0.2082571983337402,2022,GEO,Asia,Western Asia,1.5832103490829468
Gabon,4.9583001136779785,1.4592005014419556,0.7377017736434937,0.3957011997699737,0.3431932330131531,0.0322732776403427,0.0986150652170181,2022,GAB,Africa,Sub-Saharan Africa,1.8916150629520416
Iraq,4.940899848937988,1.2887792587280271,0.6823609471321106,0.5542571544647217,0.3284466564655304,0.1467288136482238,0.045941274613142,2022,IRQ,Asia,Western Asia,1.8943857438862324
Venezuela,4.92549991607666,0.0,0.9678928256034852,0.5777590274810791,0.2826734185218811,0.2252623438835144,0.0816315189003944,2022,VEN,Americas,Latin America and the Caribbean,2.790280781686306
Guinea,4.890500068664551,0.8481511473655701,0.5663941502571106,0.2749532163143158,0.3338097333908081,0.2137715965509414,0.1156004667282104,2022,GIN,Africa,Sub-Saharan Africa,2.5378197580575943
Iran,4.887899875640869,1.4097338914871216,0.7406527400016785,0.6417500972747803,0.2813448011875152,0.240984559059143,0.1464152932167053,2022,IRN,Asia,Southern Asia,1.4270184934139252
Ghana,4.872000217437744,1.1115119457244873,0.5949505567550659,0.4088703691959381,0.4995107352733612,0.2295379787683487,0.055579662322998,2022,GHA,Africa,Sub-Saharan Africa,1.9720389693975449
Turkey,4.744200229644775,1.7068283557891846,0.8652169704437256,0.7018067836761475,0.2090609669685363,0.0872268974781036,0.1149609237909317,2022,TUR,Asia,Western Asia,1.059099331498146
Burkina Faso,4.670499801635742,0.7791023850440979,0.5649209022521973,0.3196865022182464,0.382119208574295,0.1864529252052307,0.1255418360233307,2022,BFA,Africa,Sub-Saharan Africa,2.312676042318344
Cambodia,4.6402997970581055,1.0191460847854614,0.7320998311042786,0.5048215985298157,0.7400385737419128,0.1659489572048187,0.0679185539484024,2022,KHM,Asia,South-eastern Asia,1.4103261977434158
Benin,4.623199939727783,0.9317342042922974,0.0637338533997535,0.3345975577831268,0.4788248240947723,0.1267226636409759,0.229652389883995,2022,BEN,Africa,Sub-Saharan Africa,2.4579344466328625
Comoros,4.60860013961792,0.8993876576423645,0.4761405885219574,0.4240278005599975,0.1853092461824417,0.1945028454065323,0.1253261119127273,2022,COM,Africa,Sub-Saharan Africa,2.303905889391899
Uganda,4.60260009765625,0.7771909832954407,0.8752675652503967,0.417612761259079,0.4022944569587707,0.2219702154397964,0.0662830919027328,2022,UGA,Africa,Sub-Saharan Africa,1.8419810235500336
Nigeria,4.552000045776367,1.0794718265533447,0.7321566939353943,0.2998833358287811,0.4443625807762146,0.1745624989271164,0.0375305227935314,2022,NGA,Africa,Sub-Saharan Africa,1.7840325869619846
Kenya,4.543000221252441,1.031548261642456,0.60507732629776,0.40100958943367,0.4399681389331817,0.3217529356479645,0.0821529179811477,2022,KEN,Africa,Sub-Saharan Africa,1.6614910513162613
Tunisia,4.515999794006348,1.349854588508606,0.5963210463523865,0.6562386155128479,0.3158966600894928,0.0288959052413702,0.0291358008980751,2022,TUN,Africa,Northern Africa,1.5396571774035692
Pakistan,4.5157999992370605,1.048730492591858,0.4125775396823883,0.3740493059158325,0.4477695524692535,0.1810466349124908,0.1116888597607612,2022,PAK,Asia,Southern Asia,1.9399376139044762
Palestinian Territories,4.482500076293945,1.147925615310669,0.9572246074676514,0.5206599235534668,0.3363785147666931,0.0731560960412025,0.0794472023844719,2022,PSE,Asia,Western Asia,1.3677081167697906
Mali,4.479000091552734,0.7915929555892944,0.4831300675868988,0.311049073934555,0.3497831523418426,0.1284190118312835,0.0422735586762428,2022,MLI,Africa,Sub-Saharan Africa,2.372752271592617
Namibia,4.459400177001953,1.2923872470855713,0.8771694302558899,0.3540918529033661,0.3839171528816223,0.0667128190398216,0.0708409994840622,2022,NAM,Africa,Sub-Saharan Africa,1.4142806753516197
"Eswatini, Kingdom of",4.396100044250488,1.2736265659332275,0.7862652540206909,0.1968819499015808,0.2592495679855346,0.037637859582901,0.154094249010086,2022,SWZ,Africa,Sub-Saharan Africa,1.6883445978164673
Myanmar,4.394199848175049,1.038498044013977,0.8290084600448608,0.4908556342124939,0.5129566788673401,0.45215505361557,0.1937917470932006,2022,MMR,Asia,South-eastern Asia,0.8769342303276062
Sri Lanka,4.362199783325195,1.415481686592102,0.9336079359054564,0.6604943871498108,0.5289205312728882,0.1497242599725723,0.0785673409700393,2022,LKA,Asia,Southern Asia,0.595403641462326
Madagascar,4.339099884033203,0.6703334450721741,0.6445609331130981,0.3778750598430633,0.2020506709814071,0.1429670304059982,0.1535177826881408,2022,MDG,Africa,Sub-Saharan Africa,2.1477949619293213
Egypt,4.287700176239014,1.388134479522705,0.7323397397994995,0.5475977659225464,0.4689860045909881,0.0406542643904686,0.2543814182281494,2022,EGY,Africa,Northern Africa,0.8556065037846565
Chad,4.250800132751465,0.661557674407959,0.5062879323959351,0.2249943017959594,0.180286630988121,0.1815919578075409,0.0769461020827293,2022,TCD,Africa,Sub-Saharan Africa,2.41913553327322
Ethiopia,4.241499900817871,0.7880569100379944,0.8089874386787415,0.4565162062644958,0.4724510014057159,0.2046001553535461,0.1358271241188049,2022,ETH,Africa,Sub-Saharan Africa,1.3750610649585724
Yemen,4.196899890899658,0.6914390921592712,1.0425920486450195,0.383644163608551,0.3295888006687164,0.0903874635696411,0.0978846177458763,2022,YEM,Asia,Western Asia,1.5613637045025826
Mauritania,4.152599811553955,1.100187063217163,0.864883303642273,0.4499886035919189,0.3039368093013763,0.0883642435073852,0.1384682804346084,2022,MRT,Africa,Sub-Saharan Africa,1.20677150785923
Jordan,4.152100086212158,1.323523998260498,0.7241126298904419,0.6749829053878784,0.4758279621601105,0.0578777566552162,0.2003200352191925,2022,JOR,Asia,Western Asia,0.6954547986388206
Togo,4.112299919128418,0.7711066007614136,0.3215048611164093,0.3597058057785034,0.2917749881744385,0.1744093000888824,0.1324163079261779,2022,TGO,Africa,Sub-Saharan Africa,2.0613820552825928
India,3.777100086212158,1.16701340675354,0.3755294382572174,0.4714049100875854,0.6471344828605652,0.1978944391012191,0.1233182474970817,2022,IND,Asia,Southern Asia,0.7948051616549492
Zambia,3.759799957275391,0.9301825165748596,0.5772325992584229,0.3064526319503784,0.5252918004989624,0.2027806639671325,0.0829059928655624,2022,ZMB,Africa,Sub-Saharan Africa,1.1349537521600728
Malawi,3.750400066375733,0.6478205323219299,0.2792975604534149,0.388209581375122,0.4769394993782043,0.1401967853307724,0.1570421308279037,2022,MWI,Africa,Sub-Saharan Africa,1.6608939766883855
Tanzania,3.702399969100952,0.8484562635421753,0.5970168709754944,0.4254571795463562,0.5777864456176758,0.248356893658638,0.2704537510871887,2022,TZA,Africa,Sub-Saharan Africa,0.7348725646734238
Sierra Leone,3.5739998817443848,0.6857039332389832,0.4160540401935577,0.2728437185287475,0.387028694152832,0.2022805511951446,0.0545014403760433,2022,SLE,Africa,Sub-Saharan Africa,1.5555875040590763
Lesotho,3.5118000507354736,0.8386673331260681,0.8479581475257874,0.0,0.418751060962677,0.0760673284530639,0.0184000544250011,2022,LSO,Africa,Sub-Saharan Africa,1.311956126242876
Botswana,3.471100091934204,1.5025898218154907,0.8154734373092651,0.2798006534576416,0.571353018283844,0.0124591356143355,0.101992517709732,2022,BWA,Africa,Sub-Saharan Africa,0.18743150774389505
Rwanda,3.268199920654297,0.785251796245575,0.132697582244873,0.4615268409252167,0.6214788556098938,0.1866620182991027,0.5442358255386353,2022,RWA,Africa,Sub-Saharan Africa,0.5363470017910004
Zimbabwe,2.9951000213623047,0.9466041326522828,0.6904597878456116,0.2700861990451813,0.3292033672332763,0.106265015900135,0.1049427837133407,2022,ZWE,Africa,Sub-Saharan Africa,0.547538734972477
Lebanon,2.955300092697144,1.3920683860778809,0.4979985356330871,0.6309643387794495,0.1027986481785774,0.0821912959218025,0.0337609462440013,2022,LBN,Asia,Western Asia,0.21551794186234519
Afghanistan,2.4038000106811523,0.757993757724762,0.0,0.2886260449886322,0.0,0.08887280523777,0.0048816669732332,2022,AFG,Asia,Southern Asia,1.2634257357567549
Finland,7.804200172424316,1.8883804082870483,1.584899663925171,0.5345736742019653,0.7715099453926086,0.1263311952352523,0.5352985858917236,2023,FIN,Europe,Northern Europe,2.363206699490547
Denmark,7.586400032043457,1.949405550956726,1.5478748083114624,0.5373024940490723,0.7344158887863159,0.2084585130214691,0.5252211689949036,2023,DNK,Europe,Northern Europe,2.0837216079235077
Iceland,7.529600143432617,1.925507664680481,1.6196664571762085,0.5590963959693909,0.7381637096405029,0.2496354877948761,0.1871187835931778,2023,ISL,Europe,Northern Europe,2.25041164457798
Israel,7.472899913787842,1.8333979845047,1.5206738710403442,0.5767300128936768,0.5685182809829712,0.1240477114915847,0.1582920551300048,2023,ISR,Asia,Western Asia,2.6912399977445602
Netherlands,7.402999877929687,1.9422738552093504,1.4882279634475708,0.545473039150238,0.6723272204399109,0.2505474090576172,0.3940616548061371,2023,NLD,Europe,Western Europe,2.110088735818862
Sweden,7.395199775695801,1.920950174331665,1.510329008102417,0.5618247389793396,0.753629207611084,0.2248480916023254,0.5204691290855408,2023,SWE,Europe,Northern Europe,1.903149425983429
Norway,7.315499782562256,1.9944396018981931,1.5210087299346924,0.5441108345985413,0.7518265247344971,0.2118891179561615,0.4629554748535156,2023,NOR,Europe,Northern Europe,1.8292694985866547
Switzerland,7.240099906921387,2.021803140640259,1.4628159999847412,0.5822543501853943,0.6779153347015381,0.1507497727870941,0.4747002124786377,2023,CHE,Europe,Western Europe,1.8698610961437225
Luxembourg,7.22790002822876,2.199664354324341,1.3568785190582275,0.5488784313201904,0.7096718549728394,0.1492813527584076,0.4183795750141144,2023,LUX,Europe,Western Europe,1.8451459407806396
New Zealand,7.122900009155273,1.841704249382019,1.5435456037521362,0.5127779245376587,0.6719269156455994,0.2302348315715789,0.4712207019329071,2023,NZL,Oceania,Australia and New Zealand,1.851489782333374
Austria,7.097300052642822,1.92671811580658,1.381974697113037,0.5345751643180847,0.6295605897903442,0.1909468322992324,0.3096530735492706,2023,AUT,Europe,Western Europe,2.1238715797662735
Australia,7.094600200653076,1.8987950086593628,1.4967434406280518,0.5318475961685181,0.6767511963844299,0.2424320876598358,0.3102680742740631,2023,AUS,Oceania,Australia and New Zealand,1.9377627968788147
Canada,6.960700035095215,1.8814388513565063,1.48391854763031,0.541386604309082,0.6558169722557068,0.2182796448469162,0.3644925951957702,2023,CAN,Americas,Northern America,1.8153668195009232
Ireland,6.910799980163574,2.1521122455596924,1.4247467517852783,0.5386596918106079,0.6557011008262634,0.1856109052896499,0.4090867936611175,2023,IRL,Europe,Northern Europe,1.5448824912309647
United States,6.893700122833252,1.980279803276062,1.459589958190918,0.3901733458042145,0.5573698282241821,0.2096725553274154,0.1722584664821624,2023,USA,Americas,Northern America,2.1243561655282974
Germany,6.8917999267578125,1.9194389581680296,1.4009678363800049,0.5386563539505005,0.6177360415458679,0.1525479108095169,0.3649562299251556,2023,DEU,Europe,Western Europe,1.8974965959787369
Belgium,6.859099864959717,1.9068782329559328,1.448750376701355,0.5277373194694519,0.5902925133705139,0.137192815542221,0.2725510895252228,2023,BEL,Europe,Western Europe,1.9756975173950195
Czechia,6.845200061798096,1.823468804359436,1.5439990758895874,0.4773488640785217,0.6931394934654236,0.1577660143375396,0.0502391494810581,2023,CZE,Europe,Eastern Europe,2.099238660186529
United Kingdom,6.795599937438965,1.856903433799744,1.3662347793579102,0.5114142894744873,0.6261729598045349,0.2723426818847656,0.3402338325977325,2023,GBR,Europe,Northern Europe,1.8222979605197906
Lithuania,6.763000011444092,1.807981848716736,1.5105764865875244,0.4323169887065887,0.4873256087303161,0.0585177168250083,0.0888190567493438,2023,LTU,Europe,Northern Europe,2.3774623051285744
France,6.661300182342529,1.8556448221206665,1.4334245920181274,0.5659090876579285,0.5816452503204346,0.0826210081577301,0.2696537375450134,2023,FRA,Europe,Western Europe,1.8724016845226288
Slovenia,6.649899959564209,1.815317153930664,1.5388127565383911,0.5318995714187622,0.7074655294418335,0.1441578716039657,0.1130580455064773,2023,SVN,Europe,Southern Europe,1.799189031124115
Costa Rica,6.608500003814697,1.5869576930999756,1.3395427465438845,0.503240168094635,0.6831671595573425,0.0989776253700256,0.1155191212892532,2023,CRI,Americas,Latin America and the Caribbean,2.281095489859581
Romania,6.589099884033203,1.7259292602539062,1.2797365188598633,0.4228858947753906,0.6309942007064819,0.044280145317316,0.0,2023,ROU,Europe,Eastern Europe,2.485273864120245
Singapore,6.586699962615967,2.1679413318634038,1.3544509410858154,0.6067776083946228,0.6600772142410278,0.1700936704874038,0.5608206987380981,2023,SGP,Asia,South-eastern Asia,1.0665384978055954
United Arab Emirates,6.571199893951416,2.0150415897369385,1.2230294942855835,0.4008787274360657,0.745395302772522,0.1877742558717727,0.2473245859146118,2023,ARE,Asia,Western Asia,1.7517559379339218
Taiwan Province of China,6.535399913787842,1.890334725379944,1.371842384338379,0.4923414885997772,0.5619380474090576,0.067239299416542,0.1777113676071167,2023,TWN,Asia,Eastern Asia,1.9739926010370255
Uruguay,6.493899822235107,1.617422103881836,1.4445520639419556,0.4351235330104828,0.6834053993225098,0.1017609983682632,0.2539240717887878,2023,URY,Americas,Latin America and the Caribbean,1.9577116519212723
Slovakia,6.468599796295166,1.7310861349105835,1.5439553260803225,0.4715751409530639,0.4944794178009033,0.1276090145111084,0.0223858673125505,2023,SVK,Europe,Eastern Europe,2.077508894726634
Saudi Arabia,6.462600231170654,1.8609226942062376,1.3704391717910769,0.3506397604942322,0.6815623044967651,0.0931576117873191,0.1703143268823623,2023,SAU,Asia,Western Asia,1.935564361512661
Estonia,6.4552001953125,1.7984774112701416,1.5264379978179932,0.4937084913253784,0.7281054854393005,0.153474286198616,0.3721884787082672,2023,EST,Europe,Northern Europe,1.382808044552803
Spain,6.436200141906738,1.7981053590774536,1.4913617372512815,0.5672692060470581,0.5329196453094482,0.1010577678680419,0.1565551459789276,2023,ESP,Europe,Southern Europe,1.788931280374527
Italy,6.4045000076293945,1.8317288160324097,1.364630103111267,0.5590959787368774,0.437638372182846,0.0969720631837844,0.0625555664300918,2023,ITA,Europe,Southern Europe,2.051879107952118
Kosovo,6.367599964141846,1.3744702339172363,1.2692053318023682,0.3723197281360626,0.6385247111320496,0.2752449214458465,0.0451008528470993,2023,XKX,Europe,Southern Europe,2.392734184861183
Chile,6.333799839019775,1.645203709602356,1.3837307691574097,0.5114095211029053,0.5464231371879578,0.1305136084556579,0.0761675387620925,2023,CHL,Americas,Latin America and the Caribbean,2.040351554751396
Mexico,6.329500198364258,1.550388216972351,1.168708324432373,0.3888042569160461,0.6315385103225708,0.0862316414713859,0.1151318550109863,2023,MEX,Americas,Latin America and the Caribbean,2.3886973932385445
Malta,6.299900054931641,1.84134578704834,1.4684698581695557,0.5468358397483826,0.6706803441047668,0.2004493474960327,0.1434133499860763,2023,MLT,Europe,Southern Europe,1.4287055283784866
Panama,6.264500141143799,1.713736891746521,1.4018425941467283,0.4746385812759399,0.6300383806228638,0.0648609921336174,0.0363806672394275,2023,PAN,Americas,Latin America and the Caribbean,1.9430020339787006
Poland,6.259699821472168,1.7667744159698486,1.4744794368743896,0.4773264229297638,0.5107993483543396,0.1198244765400886,0.138614073395729,2023,POL,Europe,Eastern Europe,1.7718816474080086
Nicaragua,6.258800029754639,1.1085658073425293,1.291988730430603,0.3847053647041321,0.6597586274147034,0.1476614624261856,0.2178028523921966,2023,NIC,Americas,Latin America and the Caribbean,2.4483171850442886
Latvia,6.212699890136719,1.73714280128479,1.5049731731414795,0.4051622152328491,0.580150842666626,0.1066086217761039,0.0707940086722374,2023,LVA,Europe,Northern Europe,1.8078682273626328
Bahrain,6.173200130462647,1.8825600147247317,1.2693383693695068,0.3894852697849273,0.7483083009719849,0.1992207467555999,0.1378032565116882,2023,BHR,Asia,Western Asia,1.5464841723442087
Guatemala,6.150300025939941,1.287179708480835,1.188223958015442,0.3097888827323913,0.6311976909637451,0.1057083457708358,0.0662645101547241,2023,GTM,Americas,Latin America and the Caribbean,2.561936929821968
Kazakhstan,6.143899917602539,1.6638872623443604,1.4906219244003296,0.3888514637947082,0.6275635957717896,0.1361722648143768,0.1487179398536682,2023,KAZ,Asia,Central Asia,1.6880854666233063
Serbia,6.143599987030029,1.551958441734314,1.3431038856506348,0.4238874316215515,0.6166508793830872,0.2458843737840652,0.0806943476200103,2023,SRB,Europe,Southern Europe,1.8814206272363663
Cyprus,6.130000114440918,1.823535442352295,1.2244642972946167,0.5795837640762329,0.4554170072078705,0.1042241603136062,0.0496397875249385,2023,CYP,Asia,Western Asia,1.893135655671358
Japan,6.129000186920166,1.825132131576538,1.3963241577148438,0.6217486262321472,0.5560483932495117,0.009303618222475,0.2071253806352615,2023,JPN,Asia,Eastern Asia,1.5133178792893887
Croatia,6.125,1.72653329372406,1.454584717750549,0.4746306836605072,0.4996632039546966,0.086722083389759,0.0027265360113233,2023,HRV,Europe,Southern Europe,1.8801394815091044
Brazil,6.124599933624268,1.4544808864593506,1.250219464302063,0.3874067068099975,0.5584881901741028,0.1314038187265396,0.1370965987443924,2023,BRA,Americas,Latin America and the Caribbean,2.2055042684078217
El Salvador,6.121600151062012,1.2776421308517456,1.0442631244659424,0.3832708299160003,0.7131232619285583,0.07853514701128,0.2216674536466598,2023,SLV,Americas,Latin America and the Caribbean,2.403098203241825
Hungary,6.041200160980225,1.7544872760772705,1.5188888311386108,0.4351357817649841,0.5005857944488525,0.104682870209217,0.064628392457962,2023,HUN,Europe,Eastern Europe,1.6627912148833275
Argentina,6.02370023727417,1.5895475149154663,1.3881741762161257,0.4269517362117767,0.5868987441062927,0.0884210467338562,0.0824252068996429,2023,ARG,Americas,Latin America and the Caribbean,1.8612818121910095
Honduras,6.022500038146973,1.114858865737915,1.0716112852096558,0.3414770364761352,0.6134178042411804,0.1886652708053589,0.0617339015007019,2023,HND,Americas,Latin America and the Caribbean,2.6307358741760254
Uzbekistan,6.0142998695373535,1.2271769046783447,1.3474141359329224,0.3751948475837707,0.7402471899986267,0.2595858573913574,0.2083743214607238,2023,UZB,Asia,Central Asia,1.8563066124916077
Malaysia,6.01230001449585,1.6649701595306396,1.155066728591919,0.3850533664226532,0.6588239669799805,0.2220573723316192,0.1222098991274833,2023,MYS,Asia,South-eastern Asia,1.8041185215115547
Portugal,5.9679999351501465,1.7580631971359253,1.3555439710617063,0.5373093485832214,0.693030834197998,0.0312276612967252,0.0365390144288539,2023,PRT,Europe,Southern Europe,1.556285908445716
South Korea,5.951099872589111,1.85275399684906,1.1879149675369265,0.6026955842971802,0.4460399150848388,0.1116351261734962,0.1632450670003891,2023,KOR,Asia,Eastern Asia,1.5868152156472206
Greece,5.930900096893311,1.707674264907837,1.246871829032898,0.5345674753189087,0.2478878051042556,0.0078917583450675,0.0973174944519996,2023,GRC,Europe,Southern Europe,2.088689469732345
Mauritius,5.902299880981445,1.5889784097671509,1.3817156553268433,0.3356765806674957,0.5739434361457825,0.12128746509552,0.1104367524385452,2023,MUS,Africa,Sub-Saharan Africa,1.7902615815401077
Thailand,5.8429999351501465,1.5151944160461426,1.344265341758728,0.4609982073307037,0.6237058639526367,0.2913073003292084,0.0133933015167713,2023,THA,Asia,South-eastern Asia,1.5941355042159557
Mongolia,5.840199947357178,1.379249095916748,1.494107365608215,0.2443949729204177,0.4251952171325683,0.2386225461959839,0.057564903050661,2023,MNG,Asia,Eastern Asia,2.0010658465325832
Kyrgyzstan,5.825300216674805,1.0612764358520508,1.4393519163131714,0.4174804985523224,0.7354274392127991,0.2337346673011779,0.0181207656860351,2023,KGZ,Asia,Central Asia,1.919908493757248
Moldova,5.819200038909912,1.424565315246582,1.301645278930664,0.375155359506607,0.609571099281311,0.0934622064232826,0.0202222354710102,2023,MDA,Europe,Eastern Europe,1.994578544050455
China,5.81790018081665,1.5103861093521118,1.2487590312957764,0.4675142765045166,0.6656950116157532,0.1145495027303695,0.1445867121219635,2023,CHN,Asia,Eastern Asia,1.6664095371961594
Vietnam,5.763299942016602,1.3485907316207886,1.2119914293289185,0.3806960880756378,0.7412129044532776,0.134476751089096,0.1219411492347717,2023,VNM,Asia,South-eastern Asia,1.8243908882141113
Paraguay,5.737800121307373,1.4284915924072266,1.4265047311782837,0.3915253579616546,0.6776077151298523,0.1475609242916107,0.0619564168155193,2023,PRY,Americas,Latin America and the Caribbean,1.6041533835232258
Montenegro,5.7221999168396,1.5371142625808716,1.3849304914474487,0.4242248237133026,0.5633713006973267,0.1704930365085601,0.0606328509747982,2023,MNE,Europe,Southern Europe,1.5814331509172916
Jamaica,5.702700138092041,1.3047146797180176,1.328620672225952,0.4106014668941498,0.5865006446838379,0.0794193893671035,0.0386943221092224,2023,JAM,Americas,Latin America and the Caribbean,1.9541489630937576
Bolivia,5.684299945831299,1.2401587963104248,1.1872327327728271,0.3288326859474182,0.6476932764053345,0.102779135107994,0.0596605651080608,2023,BOL,Americas,Latin America and the Caribbean,2.1179427541792393
Russia,5.660699844360352,1.679553747177124,1.3825452327728271,0.3655700087547302,0.4494249522686004,0.1201427057385444,0.0914456471800804,2023,RUS,Europe,Eastern Europe,1.5720175504684448
Bosnia and Herzegovina,5.632500171661377,1.4665228128433228,1.361424684524536,0.4289939105510711,0.4850519001483917,0.2471783906221389,0.0082740448415279,2023,BIH,Europe,Southern Europe,1.6350544281303883
Colombia,5.63040018081665,1.4552850723266602,1.2133201360702517,0.4855212867259979,0.5623914003372192,0.0804615467786789,0.0684342458844184,2023,COL,Americas,Latin America and the Caribbean,1.7649864926934242
Dominican Republic,5.568900108337402,1.5363973379135132,1.2269470691680908,0.3506306111812591,0.6232869029045105,0.0834235027432441,0.1950357407331466,2023,DOM,Americas,Latin America and the Caribbean,1.5531789436936378
Ecuador,5.558899879455566,1.342591404914856,1.1731176376342771,0.4759995639324188,0.5596871376037598,0.0786596834659576,0.0691367164254188,2023,ECU,Americas,Latin America and the Caribbean,1.859707735478878
Peru,5.525899887084961,1.389684557914734,1.1534433364868164,0.4991487860679626,0.5492284297943115,0.0726614668965339,0.0267723444849252,2023,PER,Americas,Latin America and the Caribbean,1.8349609654396772
Philippines,5.522900104522705,1.2380532026290894,1.1078919172286987,0.2862890660762787,0.714474618434906,0.1042976453900337,0.1411037892103195,2023,PHL,Asia,South-eastern Asia,1.930789865553379
Bulgaria,5.466100215911865,1.6354175806045532,1.4572725296020508,0.4078706204891205,0.5574341416358948,0.105940893292427,0.0129713676869869,2023,BGR,Europe,Eastern Europe,1.289193082600832
Nepal,5.360300064086914,0.9788516759872437,1.0268685817718506,0.2810980975627899,0.5672988295555115,0.2147323489189148,0.1043697968125343,2023,NPL,Asia,Southern Asia,2.1870807334780693
Armenia,5.341700077056885,1.4661458730697632,1.1339071989059448,0.442997008562088,0.5508717894554138,0.0530974417924881,0.1601970940828323,2023,ARM,Asia,Western Asia,1.5344836711883545
Tajikistan,5.329800128936768,0.971865713596344,1.2484393119812012,0.2914117574691772,0.5993067622184753,0.1043679565191268,0.2918874621391296,2023,TJK,Asia,Central Asia,1.8225211650133133
Algeria,5.329100131988525,1.3533517122268677,1.2980681657791138,0.409218281507492,0.2523039579391479,0.0734545439481735,0.1519797146320343,2023,DZA,Africa,Northern Africa,1.790723755955696
Hong Kong S.A.R. of China,5.308499813079834,1.9509402513504028,1.201336145401001,0.7015898823738098,0.4067972898483276,0.122539222240448,0.3899929225444793,2023,HKG,Asia,Eastern Asia,0.5353040993213654
Albania,5.277299880981445,1.449203372001648,0.9512205123901368,0.4800824522972107,0.5491721034049988,0.1327116936445236,0.0365266352891922,2023,ALB,Europe,Southern Europe,1.6783831119537354
Indonesia,5.276899814605713,1.383815884590149,1.1686501502990725,0.3138144016265869,0.6633294224739075,0.4215450584888458,0.0380328819155693,2023,IDN,Asia,South-eastern Asia,1.2877120152115822
South Africa,5.274600028991699,1.416947603225708,1.4279369115829468,0.1487330049276352,0.4636710882186889,0.0899508744478225,0.0193011369556188,2023,ZAF,Africa,Sub-Saharan Africa,1.7080594096332788
Congo (Brazzaville),5.267099857330322,0.9211781620979308,0.6650123000144958,0.1449476927518844,0.4636250734329223,0.134102925658226,0.1360215097665786,2023,COG,Africa,Sub-Saharan Africa,2.802212193608284
North Macedonia,5.253600120544434,1.4978708028793335,1.1705783605575562,0.4078864157199859,0.5154193043708801,0.2068475484848022,0.0196072030812501,2023,MKD,Europe,Southern Europe,1.4353904854506254
Venezuela,5.210599899291992,0.0,1.256657600402832,0.3411180377006531,0.3686979711055755,0.2053084671497345,0.0842720121145248,2023,VEN,Americas,Latin America and the Caribbean,2.954545810818672
Laos,5.110700130462647,1.2321990728378296,0.8528011441230774,0.2565376162528991,0.7148841023445129,0.1852510720491409,0.1622828990221023,2023,LAO,Asia,South-eastern Asia,1.706744223833085
Georgia,5.109099864959717,1.477461338043213,0.946830987930298,0.3656463027000427,0.5387157797813416,0.0,0.2006958723068237,2023,GEO,Asia,Western Asia,1.579749584197998
Guinea,5.071700096130371,0.8441724181175232,0.7762272357940674,0.0723448619246482,0.3687091469764709,0.2036073207855224,0.1017964407801628,2023,GIN,Africa,Sub-Saharan Africa,2.704842671751976
Ukraine,5.071400165557861,1.3581942319869995,1.354416847229004,0.3547505140304565,0.5506308674812317,0.2653694748878479,0.016009135171771,2023,UKR,Europe,Eastern Europe,1.1720290947705507
Ivory Coast,5.052700042724609,1.0937527418136597,0.5835306644439697,0.1204984113574028,0.4671021997928619,0.1379445940256118,0.1312476843595504,2023,CIV,Africa,Sub-Saharan Africa,2.518623746931553
Gabon,5.0346999168396,1.4384474754333496,1.020937442779541,0.1831405758857727,0.3461649715900421,0.0360904298722744,0.1022647842764854,2023,GAB,Africa,Sub-Saharan Africa,1.9076542370021343
Nigeria,4.980599880218506,1.064864993095398,1.0065486431121826,0.0915655568242073,0.4481388330459595,0.1755182892084121,0.0128370989114046,2023,NGA,Africa,Sub-Saharan Africa,2.1811264660209417
Cameroon,4.973199844360352,0.9647701978683472,0.8712012767791748,0.1176218315958976,0.4053886234760284,0.1443520635366439,0.0592531487345695,2023,CMR,Africa,Sub-Saharan Africa,2.41061270236969
Mozambique,4.953999996185303,0.5700973868370056,0.8853094577789307,0.0,0.6252136826515198,0.161483347415924,0.1924102157354354,2023,MOZ,Africa,Sub-Saharan Africa,2.519485905766487
Iraq,4.940899848937988,1.2809834480285645,0.9525938034057616,0.3238136172294616,0.3514840006828308,0.1335340589284896,0.037837091833353,2023,IRQ,Asia,Western Asia,1.860653828829527
State of Palestine,4.907800197601318,1.1439604759216309,1.3088682889938354,0.0,0.4163284003734588,0.0654085502028465,0.0668237879872322,2023,PSE,Asia,Western Asia,1.9064106941223145
Morocco,4.9028000831604,1.2360212802886963,0.5349344611167908,0.3370566666126251,0.5397968888282776,0.0126048903912305,0.0847086757421493,2023,MAR,Africa,Northern Africa,2.1576772201806307
Iran,4.876299858093262,1.4645715951919556,1.1018677949905396,0.4106000363826751,0.2806774079799652,0.2292178571224212,0.1304022669792175,2023,IRN,Asia,Southern Asia,1.2589628994464874
Senegal,4.855100154876709,0.9427269101142884,0.7273567318916321,0.230744406580925,0.5189372897148132,0.1422114372253418,0.0595914870500564,2023,SEN,Africa,Sub-Saharan Africa,2.233531892299652
Mauritania,4.723899841308594,1.0989632606506348,0.7642542123794556,0.2437156289815902,0.3201403021812439,0.1295636445283889,0.1946565061807632,2023,MRT,Africa,Sub-Saharan Africa,1.972606286406517
Burkina Faso,4.637599945068359,0.7675022482872009,0.8137190341949463,0.107109248638153,0.4189414381980896,0.1876003295183181,0.1129720658063888,2023,BFA,Africa,Sub-Saharan Africa,2.2297555804252625
Namibia,4.630799770355225,1.2889835834503174,1.125555157661438,0.1449827253818512,0.3830368816852569,0.0690532252192497,0.0707006379961967,2023,NAM,Africa,Sub-Saharan Africa,1.5484875589609146
Turkiye,4.613500118255615,1.714365839958191,1.1479283571243286,0.4668031334877014,0.1246653720736503,0.0951079279184341,0.0961173549294471,2023,TUR,Asia,Western Asia,0.9685121327638626
Ghana,4.605000019073486,1.1006957292556765,0.7561179399490356,0.1970632523298263,0.5259996056556702,0.2111475020647049,0.0347787030041217,2023,GHA,Africa,Sub-Saharan Africa,1.7791972868144512
Pakistan,4.555399894714356,1.0808181762695312,0.6567456722259521,0.1575480848550796,0.5110501050949097,0.1406246274709701,0.1020449548959732,2023,PAK,Asia,Southern Asia,1.9065682739019403
Niger,4.501299858093262,0.5610174536705017,0.6282872557640076,0.1367724686861038,0.5404208898544312,0.1537584811449051,0.1400602012872696,2023,NER,Africa,Sub-Saharan Africa,2.340983107686043
Tunisia,4.496699810028076,1.3330357074737549,0.9811620116233826,0.4215024709701538,0.2592920660972595,0.022359324619174,0.0160100311040878,2023,TUN,Africa,Northern Africa,1.4633381981402636
Kenya,4.486599922180176,1.0513869524002075,0.8807329535484314,0.1898628622293472,0.4177796840667724,0.2910186350345611,0.0549152977764606,2023,KEN,Africa,Sub-Saharan Africa,1.6009035371243954
Sri Lanka,4.441599845886231,1.4217795133590698,1.2241677045822144,0.4255845248699188,0.5388301610946655,0.1203411072492599,0.0863809511065483,2023,LKA,Asia,Southern Asia,0.6245158836245546
Uganda,4.432499885559082,0.7850960493087769,1.1435365676879885,0.2011489421129226,0.4253447353839874,0.1974560320377349,0.05148147046566,2023,UGA,Africa,Sub-Saharan Africa,1.6284360885620117
Chad,4.396599769592285,0.6220396757125854,0.9616597890853882,0.043452650308609,0.3926881551742553,0.2550949156284332,0.0876548662781715,2023,TCD,Africa,Sub-Saharan Africa,2.0340097174048424
Cambodia,4.393499851226807,1.02503502368927,1.023516058921814,0.282532125711441,0.767534077167511,0.1757676303386688,0.0514887273311615,2023,KHM,Asia,South-eastern Asia,1.0676262080669403
Benin,4.373700141906738,0.9240769147872924,0.241819828748703,0.1243779957294464,0.4813438951969147,0.1136158779263496,0.2531726062297821,2023,BEN,Africa,Sub-Saharan Africa,2.23529302328825
Myanmar,4.372499942779541,1.0319167375564575,1.1250338554382324,0.2685952186584472,0.4597600102424621,0.4000890254974365,0.1938514858484268,2023,MMR,Asia,South-eastern Asia,0.8932536095380783
Bangladesh,4.282100200653076,1.1326640844345093,0.5131068229675293,0.354702889919281,0.6166136264801025,0.1391410231590271,0.1653891950845718,2023,BGD,Asia,Southern Asia,1.3604825586080551
Gambia,4.279399871826172,0.7607241868972778,0.613659143447876,0.1735555380582809,0.285875141620636,0.331843614578247,0.0332523509860038,2023,GMB,Africa,Sub-Saharan Africa,2.08048989623785
Mali,4.197800159454346,0.7633607387542725,0.6369125247001648,0.1055183783173561,0.4407233595848083,0.1212945505976677,0.0594972223043441,2023,MLI,Africa,Sub-Saharan Africa,2.070493385195732
Egypt,4.170499801635742,1.377242088317871,0.9719079732894896,0.3262195885181427,0.4667979478836059,0.0382935814559459,0.2498649358749389,2023,EGY,Africa,Northern Africa,0.7401736862957478
Togo,4.137400150299072,0.7698516249656677,0.6416472792625427,0.1612667590379715,0.3669990599155426,0.1493128091096878,0.1355752795934677,2023,TGO,Africa,Sub-Saharan Africa,1.9127473384141922
Jordan,4.119800090789795,1.292441964149475,0.9797879457473756,0.437848150730133,0.5169684290885925,0.0560109168291091,0.1732563376426696,2023,JOR,Asia,Western Asia,0.6634863466024399
Ethiopia,4.09060001373291,0.7933301329612732,1.114328145980835,0.2497992068529129,0.4506298005580902,0.2830777466297149,0.1005913540720939,2023,ETH,Africa,Sub-Saharan Africa,1.09884362667799
Liberia,4.042300224304199,0.6276428699493408,0.6442357301712036,0.1408595144748687,0.4705756604671478,0.2192319184541702,0.0709377527236938,2023,LBR,Africa,Sub-Saharan Africa,1.868816778063774
India,4.035799980163574,1.1592427492141724,0.6741873025894165,0.2519409656524658,0.6854270696640015,0.1749284863471985,0.1113842353224754,2023,IND,Asia,Southern Asia,0.9786891713738441
Madagascar,4.019100189208984,0.6324694752693176,0.779421865940094,0.1776424795389175,0.1866349130868911,0.1769071072340011,0.1341326534748077,2023,MDG,Africa,Sub-Saharan Africa,1.9318916946649551
Zambia,3.982199907302856,0.9135203957557678,0.8896535038948059,0.0954158306121826,0.544572651386261,0.1892215311527252,0.0798871964216232,2023,ZMB,Africa,Sub-Saharan Africa,1.2699287980794902
Tanzania,3.69379997253418,0.8358948826789856,0.786942183971405,0.2144659757614135,0.6071901917457581,0.2340774834156036,0.2687550783157348,2023,TZA,Africa,Sub-Saharan Africa,0.7464741766452794
Comoros,3.5452001094818115,0.9137858152389526,0.3268284797668457,0.215106651186943,0.1174107640981674,0.1287686973810196,0.1447512507438659,2023,COM,Africa,Sub-Saharan Africa,1.6985484510660172
Malawi,3.495199918746948,0.6365268230438232,0.4785695374011993,0.1892317533493042,0.4902315735816955,0.1392176896333694,0.1290287524461746,2023,MWI,Africa,Sub-Saharan Africa,1.4323937892913814
Botswana,3.43530011177063,1.4713940620422363,1.040647029876709,0.087047278881073,0.4798691272735595,0.021277192980051,0.0706936791539192,2023,BWA,Africa,Sub-Saharan Africa,0.26437174156308174
Congo (Kinshasa),3.207200050354004,0.530779242515564,0.7837467789649963,0.1047576591372489,0.3754723072052002,0.1825731843709945,0.0682871267199516,2023,COD,Africa,Sub-Saharan Africa,1.1615837514400482
Zimbabwe,3.2035000324249268,0.7582786083221436,0.8805129528045654,0.0686527863144874,0.362508088350296,0.1116265505552291,0.1171147674322128,2023,ZWE,Africa,Sub-Saharan Africa,0.9048062786459923
Sierra Leone,3.13759994506836,0.6696986556053162,0.5403425097465515,0.0918114781379699,0.3709074258804321,0.1927306503057479,0.0510768257081508,2023,SLE,Africa,Sub-Saharan Africa,1.2210323996841912
Lebanon,2.392199993133545,1.4169986248016355,0.4759355783462524,0.3983083367347717,0.1227709203958511,0.0608237087726593,0.0272078104317188,2023,LBN,Asia,Western Asia,-0.10984498634934381
Afghanistan,1.8589999675750728,0.6445997953414917,0.0,0.086704283952713,0.0,0.0929649621248245,0.0586440935730934,2023,AFG,Asia,Southern Asia,0.9760868325829501
